message_id,date,candidate_name_norm_simple,cluster_id,heuristic_score,text,alert_generated_at
8814.0,2025-09-02,eqwires,-1,90,"**Today's High-Quality Trade Update ğŸ“Š

ğŸ“… BUY DATE: 01/09/2025
ğŸ“… BOOKED DATE: 02/09/2025

ğŸ’¼ Trade Details 
     Trade:  BTST
     Stock:  COALIND 365 CE
     Quantity:  2 LOT
     BUY Price:  â‚¹14.95
     SELL Price:  â‚¹21.15
ğŸ’° Profit Booked:  â‚¹16,740/- 

ğŸ’¸ Capital Required:  â‚¹40,000/-

ğŸŒ ****www.eqwires.com**",2025-09-05 13:50:14
143535.0,2025-09-02,stockgainerss,-1,70,"ğŸ™ GOOD MORNING ALL ğŸŒ»

ğŸŒº Have A Profitable Day today ğŸŒ¹


NOTE: POSTS HERE ARE BASED ON MY RESEARCH AND ARE FOR EDUCATIONAL PURPOSES ONLY. We are not liable for any Profit or Loss.

PLEASE CONSULT YOUR FINANCIAL ADVISOR
BEFORE BUYING OR SELLING.
THANKS! âœ¨

Few useful Abbreviations for new traders:
SL: Stop Loss
TGT: Target
CMP: Current Market PRICE
BTST: Buy Today Sell Tomorrow
STBT: Sell Today Buy Tomorrow

The profit/loss figures mentioned are indicative and based on assumptions. 

Futures: Single Lot
OPTIONS: Single lot
Index: 4-5lots",2025-09-05 13:50:14
42388.0,2025-09-02,darkhorseofstockmarket,434,80,"ğ‰ğ€ğˆ ğŠğ„ğƒğ€ğ‘..ğŠğ‘ğˆğğ€ ğ€ğğ€ğ€ğ‘ ğŸ–¤ğŸ´

â–â–â–â–â–â–â–â–â–â–â–â–

ğŸ“ˆğŸ“‰ #PGEL

ğŸ–² SEP 560 PE AT 22

âœ… Target-26-30-37-48

â›”ï¸ Stoploss -590 SPOT DCB

âœ¨ Lot Size-700

ğŸ“Œ ğƒğ¢ğ¬ğœğ¥ğšğ¢ğ¦ğğ«-- :-â€œRegistration granted by SEBI and certification from NISM in no way guarantee performance of the intermediary or provide any assurance of returns to investors/tradersâ€

ğ…ğ®ğ¥ğ¥ ğƒğ¢ğ¬ğœğ¥ğšğ¢ğ¦ğğ«- https://www.sbkri.com/disclosure-disclaimer/

ğŸ“Œ ğ–ğšğ«ğ§ğ¢ğ§ğ - â€œInvestment in securities market are subject to market risks. Read all the related documents carefully before investing.â€

ğŸ“Œğ‘ğ¢ğ¬ğ¤ ğƒğ¢ğ¬ğœğ¥ğ¨ğ¬ğ®ğ«ğ- Trading In F&O Is Very Risky.

. . . . . .. . . . . .. . . . . .. . . . . .. . . . . .. . . . . .. . . . . .. . . . . .. . . . . .. . . . . .. . . . . .. . . . . .. . . . . .. . . . . .. ..",2025-09-05 13:50:14
42938.0,2025-09-02,thefinberg,-1,70,"From Rs. 52.6 to Rs. 80

52.09% Gain 

All Target done 

Profit per lot +Rs. 2055/-

Straight from Finberg Index Fno

Join premium: https://superprofile.bio/thefinberg2427",2025-09-05 13:50:14
42983.0,2025-09-02,thefinberg,-1,70,"ZERO HERO CALL

From Rs. 6 to Rs. 12.9

115% up

Profit per lot +Rs. 518

First Target done 

Straight from Finberg Index Fno 

Join Premium: https://superprofile.bio/thefinberg2427",2025-09-05 13:50:14
8593.0,2025-09-02,patelwealth,1508,75,"**PATELWEALTH:

Few space left for account handling

Account handling space available
for FYERS & ZERODHA ,angel one ,upstox,Dhan ,Growww and all others 

Solutuon For those Who are busy in Office Work or beginners Or Having Of Old losses 

Get profit Risk free in Your Demat account 

ğŸš€50:50 PROFIT SHARING ğŸš€

Capital Requirement :-Â Â  1Lakh -50Lakh 

Capital 1 Lakh ( Daily Profit 50k++)
Capital 3 Lakh ( Daily Profit 150k)
Capital 5 Lakh ( Daily Profit 3L Lakh+)
Capital 10 Lakh ( Daily Profit 5 Lakh+)

Risk _3% Of Your Capital 

Interest ping me below this link ğŸ‘‡ğŸ»

****https://wa.me/+919785656947/?text=*ACCOUNT_HANDLING_service*50-50*sharing**",2025-09-05 13:50:14
8593.0,2025-09-02,patelwealth,1544,75,"**PATELWEALTH:

Few space left for account handling

Account handling space available
for FYERS & ZERODHA ,angel one ,upstox,Dhan ,Growww and all others 

Solutuon For those Who are busy in Office Work or beginners Or Having Of Old losses 

Get profit Risk free in Your Demat account 

ğŸš€50:50 PROFIT SHARING ğŸš€

Capital Requirement :-Â Â  1Lakh -50Lakh 

Capital 1 Lakh ( Daily Profit 50k++)
Capital 3 Lakh ( Daily Profit 150k)
Capital 5 Lakh ( Daily Profit 3L Lakh+)
Capital 10 Lakh ( Daily Profit 5 Lakh+)

Risk _3% Of Your Capital 

Interest ping me below this link ğŸ‘‡ğŸ»

****https://wa.me/+919785656947/?text=*ACCOUNT_HANDLING_service*50-50*sharing**",2025-09-05 13:50:14
42994.0,2025-09-02,thefinberg,-1,70,"Please see the performance of the calls in our premium channels.

We made a net Profit of +Rs. 1.39 Lakh with an average return of  18% in Stock Option Calls, 1% Intraday Equity Calls, 83% in Index Option Calls and 0.5% in Commodity Calls.(This is not aÂ  significanceÂ  of any future performance)

Subscribers are gaining good with our Rules. 

Join Premium with Launch Offer upto FLAT 50% OFF: https://superprofile.bio/thefinberg2427

You can connect at @thefinbergquery",2025-09-05 13:50:14
8577.0,2025-09-01,patelwealth,1529,75,"**PATELWEALTH:

Few space left for account handling

Account handling space available
for FYERS & ZERODHA ,angel one ,upstox,Dhan ,Growww and all others 

Solutuon For those Who are busy in Office Work or beginners Or Having Of Old losses 

Get profit Risk free in Your Demat account 

ğŸš€50:50 PROFIT SHARING ğŸš€

Capital Requirement :-Â Â  1Lakh -50Lakh 

Capital 1 Lakh ( Daily Profit 50k++)
Capital 3 Lakh ( Daily Profit 150k)
Capital 5 Lakh ( Daily Profit 3L Lakh+)
Capital 10 Lakh ( Daily Profit 5 Lakh+)

Risk _3% Of Your Capital 

Interest ping me below this link ğŸ‘‡ğŸ»

****https://wa.me/+919785656947/?text=*ACCOUNT_HANDLING_service*50-50*sharing**",2025-09-05 13:50:14
8577.0,2025-09-01,patelwealth,1485,75,"**PATELWEALTH:

Few space left for account handling

Account handling space available
for FYERS & ZERODHA ,angel one ,upstox,Dhan ,Growww and all others 

Solutuon For those Who are busy in Office Work or beginners Or Having Of Old losses 

Get profit Risk free in Your Demat account 

ğŸš€50:50 PROFIT SHARING ğŸš€

Capital Requirement :-Â Â  1Lakh -50Lakh 

Capital 1 Lakh ( Daily Profit 50k++)
Capital 3 Lakh ( Daily Profit 150k)
Capital 5 Lakh ( Daily Profit 3L Lakh+)
Capital 10 Lakh ( Daily Profit 5 Lakh+)

Risk _3% Of Your Capital 

Interest ping me below this link ğŸ‘‡ğŸ»

****https://wa.me/+919785656947/?text=*ACCOUNT_HANDLING_service*50-50*sharing**",2025-09-05 13:50:14
143464.0,2025-09-01,stockgainerss,-1,70,"ğŸ™ GOOD MORNING ALL ğŸŒ»

ğŸŒº Have A Profitable Day today ğŸŒ¹


NOTE: POSTS HERE ARE BASED ON MY RESEARCH AND ARE FOR EDUCATIONAL PURPOSES ONLY. We are not liable for any Profit or Loss.

PLEASE CONSULT YOUR FINANCIAL ADVISOR
BEFORE BUYING OR SELLING.
THANKS! âœ¨

Few useful Abbreviations for new traders:
SL: Stop Loss
TGT: Target
CMP: Current Market PRICE
BTST: Buy Today Sell Tomorrow
STBT: Sell Today Buy Tomorrow

The profit/loss figures mentioned are indicative and based on assumptions. 

Futures: Single Lot
OPTIONS: Single lot
Index: 4-5lots",2025-09-05 13:50:14
42849.0,2025-09-01,thefinberg,-1,70,"Please see the performance of the calls in our premium channels.

We made a net Profit of +Rs. 25K with an average return of  32% in Stock Option Calls, 1% Intraday Equity Calls and 35% in Index Option Calls.(This is not aÂ  significanceÂ  of any future performance)

Subscribers are gaining good with our Rules. 

Join Premium with Launch Offer upto FLAT 50% OFF: https://superprofile.bio/thefinberg2427

If above is not useful, can connect at @thefinbergquery",2025-09-05 13:50:14
42838.0,2025-09-01,thefinberg,-1,70,"From Rs. 103 to Rs.140

35.92% Gain

Profit per lot +Rs.2775/-

All Target done 

Straight from Finberg Index Fno

Join premium : https://superprofile.bio/thefinberg2427",2025-09-05 13:50:14
8524.0,2025-08-31,patelwealth,1401,75,"**PATELWEALTH:

Few space left for account handling

Account handling space available
for FYERS & ZERODHA ,angel one ,upstox,Dhan ,Growww and all others 

Solutuon For those Who are busy in Office Work or beginners Or Having Of Old losses 

Get profit Risk free in Your Demat account 

ğŸš€50:50 PROFIT SHARING ğŸš€

Capital Requirement :-Â Â  1Lakh -50Lakh 

Capital 1 Lakh ( Daily Profit 50k++)
Capital 3 Lakh ( Daily Profit 150k)
Capital 5 Lakh ( Daily Profit 3L Lakh+)
Capital 10 Lakh ( Daily Profit 5 Lakh+)

Risk _3% Of Your Capital 

Interest ping me below this link ğŸ‘‡ğŸ»

****https://wa.me/+919785656947/?text=*ACCOUNT_HANDLING_service*50-50*sharing**",2025-09-05 13:50:14
8524.0,2025-08-31,patelwealth,1529,75,"**PATELWEALTH:

Few space left for account handling

Account handling space available
for FYERS & ZERODHA ,angel one ,upstox,Dhan ,Growww and all others 

Solutuon For those Who are busy in Office Work or beginners Or Having Of Old losses 

Get profit Risk free in Your Demat account 

ğŸš€50:50 PROFIT SHARING ğŸš€

Capital Requirement :-Â Â  1Lakh -50Lakh 

Capital 1 Lakh ( Daily Profit 50k++)
Capital 3 Lakh ( Daily Profit 150k)
Capital 5 Lakh ( Daily Profit 3L Lakh+)
Capital 10 Lakh ( Daily Profit 5 Lakh+)

Risk _3% Of Your Capital 

Interest ping me below this link ğŸ‘‡ğŸ»

****https://wa.me/+919785656947/?text=*ACCOUNT_HANDLING_service*50-50*sharing**",2025-09-05 13:50:14
143426.0,2025-08-29,stockgainerss,441,70,"ğŸ™ GOOD MORNING ALL ğŸŒ»

ğŸŒº Have A Profitable Day today ğŸŒ¹


NOTE: POSTS HERE ARE BASED ON MY RESEARCH AND ARE FOR EDUCATIONAL PURPOSES ONLY. We are not liable for any Profit or Loss.

PLEASE CONSULT YOUR FINANCIAL ADVISOR
BEFORE BUYING OR SELLING.
THANKS! âœ¨

Few useful Abbreviations for new traders:
SL: Stop Loss
TGT: Target
CMP: Current Market PRICE
BTST: Buy Today Sell Tomorrow
STBT: Sell Today Buy Tomorrow

The profit/loss figures mentioned are indicative and based on assumptions. 

Futures: Single Lot
OPTIONS: Single lot
Index: 4-5lots",2025-09-05 13:50:14
7894.0,2025-08-29,deltatrading1,500,75,"**Few space left for account handling

Account handling space available
for FYERS & ZERODHA ,angel one ,upstox,Dhan ,Growww and all others 

Solutuon For those Who are busy in Office Work or beginners Or Having Of Old losses 

Get profit Risk free in Your Demat account 

ğŸš€40%PROFIT SHARING ğŸš€

Capital Requirement :-Â Â  1Lakh -50Lakh 

Capital 1 Lakh ( Daily Profit 50k++)
Capital 3 Lakh ( Daily Profit 150k)
Capital 5 Lakh ( Daily Profit 3L Lakh+)
Capital 10 Lakh ( Daily Profit 5 Lakh+)

Risk - 7% Of Your Capital 

Interest ping me below this link ğŸ‘‡ğŸ»

**http://Wa.me/+918764453053/?text=*ACCOUNT_HANDLING_SERVICE",2025-09-05 13:50:14
8513.0,2025-08-29,patelwealth,1444,75,"**PATELWEALTH:

Few space left for account handling

Account handling space available
for FYERS & ZERODHA ,angel one ,upstox,Dhan ,Growww and all others 

Solutuon For those Who are busy in Office Work or beginners Or Having Of Old losses 

Get profit Risk free in Your Demat account 

ğŸš€50:50 PROFIT SHARING ğŸš€

Capital Requirement :-Â Â  1Lakh -50Lakh 

Capital 1 Lakh ( Daily Profit 50k++)
Capital 3 Lakh ( Daily Profit 150k)
Capital 5 Lakh ( Daily Profit 3L Lakh+)
Capital 10 Lakh ( Daily Profit 5 Lakh+)

Risk _3% Of Your Capital 

Interest ping me below this link ğŸ‘‡ğŸ»

****https://wa.me/+919785656947/?text=*ACCOUNT_HANDLING_service*50-50*sharing**",2025-09-05 13:50:14
8513.0,2025-08-29,patelwealth,1529,75,"**PATELWEALTH:

Few space left for account handling

Account handling space available
for FYERS & ZERODHA ,angel one ,upstox,Dhan ,Growww and all others 

Solutuon For those Who are busy in Office Work or beginners Or Having Of Old losses 

Get profit Risk free in Your Demat account 

ğŸš€50:50 PROFIT SHARING ğŸš€

Capital Requirement :-Â Â  1Lakh -50Lakh 

Capital 1 Lakh ( Daily Profit 50k++)
Capital 3 Lakh ( Daily Profit 150k)
Capital 5 Lakh ( Daily Profit 3L Lakh+)
Capital 10 Lakh ( Daily Profit 5 Lakh+)

Risk _3% Of Your Capital 

Interest ping me below this link ğŸ‘‡ğŸ»

****https://wa.me/+919785656947/?text=*ACCOUNT_HANDLING_service*50-50*sharing**",2025-09-05 13:50:14
8488.0,2025-08-28,patelwealth,1534,70,"ğŸ”œğŸ”œ

19 rs buy more it will become jackpot today ğŸ‘ğŸ‘âœ”ï¸",2025-09-05 13:50:14
8503.0,2025-08-28,patelwealth,1529,75,"**PATELWEALTH:

Few space left for account handling

Account handling space available
for FYERS & ZERODHA ,angel one ,upstox,Dhan ,Growww and all others 

Solutuon For those Who are busy in Office Work or beginners Or Having Of Old losses 

Get profit Risk free in Your Demat account 

ğŸš€50:50 PROFIT SHARING ğŸš€

Capital Requirement :-Â Â  1Lakh -50Lakh 

Capital 1 Lakh ( Daily Profit 50k++)
Capital 3 Lakh ( Daily Profit 150k)
Capital 5 Lakh ( Daily Profit 3L Lakh+)
Capital 10 Lakh ( Daily Profit 5 Lakh+)

Risk _3% Of Your Capital 

Interest ping me below this link ğŸ‘‡ğŸ»

****https://wa.me/+919785656947/?text=*ACCOUNT_HANDLING_service*50-50*sharing**",2025-09-05 13:50:14
143389.0,2025-08-28,stockgainerss,1678,70,"ğŸ™ GOOD MORNING ALL ğŸŒ»

ğŸŒº Have A Profitable Day today ğŸŒ¹


NOTE: POSTS HERE ARE BASED ON MY RESEARCH AND ARE FOR EDUCATIONAL PURPOSES ONLY. We are not liable for any Profit or Loss.

PLEASE CONSULT YOUR FINANCIAL ADVISOR
BEFORE BUYING OR SELLING.
THANKS! âœ¨

Few useful Abbreviations for new traders:
SL: Stop Loss
TGT: Target
CMP: Current Market PRICE
BTST: Buy Today Sell Tomorrow
STBT: Sell Today Buy Tomorrow

The profit/loss figures mentioned are indicative and based on assumptions. 

Futures: Single Lot
OPTIONS: Single lot
Index: 4-5lots",2025-09-05 13:50:14
8503.0,2025-08-28,patelwealth,1459,75,"**PATELWEALTH:

Few space left for account handling

Account handling space available
for FYERS & ZERODHA ,angel one ,upstox,Dhan ,Growww and all others 

Solutuon For those Who are busy in Office Work or beginners Or Having Of Old losses 

Get profit Risk free in Your Demat account 

ğŸš€50:50 PROFIT SHARING ğŸš€

Capital Requirement :-Â Â  1Lakh -50Lakh 

Capital 1 Lakh ( Daily Profit 50k++)
Capital 3 Lakh ( Daily Profit 150k)
Capital 5 Lakh ( Daily Profit 3L Lakh+)
Capital 10 Lakh ( Daily Profit 5 Lakh+)

Risk _3% Of Your Capital 

Interest ping me below this link ğŸ‘‡ğŸ»

****https://wa.me/+919785656947/?text=*ACCOUNT_HANDLING_service*50-50*sharing**",2025-09-05 13:50:14
7876.0,2025-08-28,deltatrading1,490,80,"**SPECIAL DISCOUNT OFFER 





ğŸ‘‰Lifetime-Â Â Â  1999Â  âœ…


SEGMENTS:- 
ğŸ‘‰ğŸ» NIFTY, BANKNIFTY.
ğŸ‘‰ğŸ» FINNIFTY, STOCK OPTIONS.
ğŸ‘‰ğŸ» ZERO-HERO CALLS
ğŸ‘‰ğŸ» Stoploss/Target provided.
ğŸ‘‰ğŸ» Full Guidance and Support.

â˜€ï¸ Daily 5-10 Calls.
â˜€ï¸ Accuracyâ€“ 95%++
â˜€ï¸ Capital Required -10-15 k++

DONT MISS... YOU WILL NEVER GET OUR SERVICES IN THIS RATE AGAIN ...ğŸ™ŠğŸ™Š

**https://wa.me/918764453053/?text=_lifetime_membership*",2025-09-05 13:50:14
8488.0,2025-08-28,patelwealth,1463,70,"ğŸ”œğŸ”œ

19 rs buy more it will become jackpot today ğŸ‘ğŸ‘âœ”ï¸",2025-09-05 13:50:14
25064.0,2025-08-26,everydayprofits,775,70,"MAXHEALTH 
43 TO 47.95ğŸ”¥
ALMOST 1ST TARGET DONE ğŸ”¥âœ…
PROFIT PER LOT 
2500++ ğŸ”¥ğŸ”¥
PREMIUM CHANNEL TRADE ğŸ”¥âœ…",2025-09-05 13:50:14
25066.0,2025-08-26,everydayprofits,773,90,"JOIN AS A PREMIUM MEMBER FOR MORE SURESHOT TRADES WITH TARGET ,STOPLOSS AND GUIDANCE..

CONTACT 

@Profitseveryday01

1999 FOR 1 MONTH 

âœ… All trades comes with proper target and stoploss 
âœ…live market update in each and every trades 
âœ… trailing stoploss for catch big profit 
âœ… small stoploss big target 
âœ… extra sureshot trades 
âœ… daily 4-5 sureshot trades 
âœ…all trades in advance level, you can easily buy at our given level 
âœ…only stock option trades for intraday 
âœ… personally support",2025-09-05 13:50:14
7835.0,2025-08-26,deltatrading1,476,75,"**Few space left for account handling

Account handling space available
for FYERS & ZERODHA ,angel one ,upstox,Dhan ,Growww and all others 

Solutuon For those Who are busy in Office Work or beginners Or Having Of Old losses 

Get profit Risk free in Your Demat account 

ğŸš€40%PROFIT SHARING ğŸš€

Capital Requirement :-Â Â  1Lakh -50Lakh 

Capital 1 Lakh ( Daily Profit 50k++)
Capital 3 Lakh ( Daily Profit 150k)
Capital 5 Lakh ( Daily Profit 3L Lakh+)
Capital 10 Lakh ( Daily Profit 5 Lakh+)

Risk - 7% Of Your Capital 

Interest ping me below this link ğŸ‘‡ğŸ»

**http://Wa.me/+918764453053/?text=*ACCOUNT_HANDLING_SERVICE",2025-09-05 13:50:14
29260.0,2025-08-25,cajagdeesh,165,75,"Few space left for account handling

Account handling space available
for FYERS & ZERODHA ,angel one ,upstox,Dhan ,Growww and all others 

Solutuon For those Who are busy in Office Work or beginners Or Having Of Old losses 

Get profit Risk free in Your Demat account 

ğŸš€50:50 PROFIT SHARING ğŸš€

Capital Requirement :-Â Â  50k -50Lakh 

Capital 1 Lakh ( Daily Profit 50k++)
Capital 3 Lakh ( Daily Profit 150k)
Capital 5 Lakh ( Daily Profit 3L Lakh+)
Capital 10 Lakh ( Daily Profit 5 Lakh+)

Risk - 5% Of Your Capital 

Interest ping me below this link ğŸ‘‡ğŸ»

http://Wa.me/+919376758631/?text=*Account_handling_service",2025-09-05 13:50:14
7788.0,2025-08-25,deltatrading1,441,80,"**SPECIAL DISCOUNT OFFER 





ğŸ‘‰Lifetime-Â Â Â  1999Â  âœ…


SEGMENTS:- 
ğŸ‘‰ğŸ» NIFTY, BANKNIFTY.
ğŸ‘‰ğŸ» FINNIFTY, STOCK OPTIONS.
ğŸ‘‰ğŸ» ZERO-HERO CALLS
ğŸ‘‰ğŸ» Stoploss/Target provided.
ğŸ‘‰ğŸ» Full Guidance and Support.

â˜€ï¸ Daily 5-10 Calls.
â˜€ï¸ Accuracyâ€“ 95%++
â˜€ï¸ Capital Required -10-15 k++

DONT MISS... YOU WILL NEVER GET OUR SERVICES IN THIS RATE AGAIN ...ğŸ™ŠğŸ™Š

**https://wa.me/918764453053/?text=_lifetime_membership*",2025-09-05 13:50:14
7791.0,2025-08-25,deltatrading1,465,75,"**Few space left for account handling

Account handling space available
for FYERS & ZERODHA ,angel one ,upstox,Dhan ,Growww and all others 

Solutuon For those Who are busy in Office Work or beginners Or Having Of Old losses 

Get profit Risk free in Your Demat account 

ğŸš€40%PROFIT SHARING ğŸš€

Capital Requirement :-Â Â  1Lakh -50Lakh 

Capital 1 Lakh ( Daily Profit 50k++)
Capital 3 Lakh ( Daily Profit 150k)
Capital 5 Lakh ( Daily Profit 3L Lakh+)
Capital 10 Lakh ( Daily Profit 5 Lakh+)

Risk - 7% Of Your Capital 

Interest ping me below this link ğŸ‘‡ğŸ»

**http://Wa.me/+918764453053/?text=*ACCOUNT_HANDLING_SERVICE",2025-09-05 13:50:14
25012.0,2025-08-21,everydayprofits,725,70,"PRESTIGE 
33.50 TO 43 ğŸ”¥ğŸ”¥
1ST TARGET DONE ğŸ”¥âœ…
PROFIT PER LOT 
4200++ ğŸ”¥
PREMIUM CHANNEL TRADE ğŸ”¥âœ…",2025-09-05 13:50:14
8808.0,2025-08-21,eqwires,-1,90,"**Today's High-Quality Trade Update ğŸ“Š

ğŸ“… BUY DATE: 20/08/2025
ğŸ“… BOOKED DATE: 21/08/2025

ğŸ’¼ Trade Details 
     Trade:  BTST
     Stock:  SIEMENS 3000 CE
     Quantity:  1 Lot
     Buy Price:  â‚¹158.17
     Sell Price:  â‚¹240.45
ğŸ’° Profit Booked:  â‚¹10,285/- 

ğŸ’¸ Capital Required:  â‚¹19,800/-

ğŸŒ ****www.eqwires.com**",2025-09-05 13:50:14
8810.0,2025-08-21,eqwires,-1,90,"**Today's High-Quality Trade Update ğŸ“Š

ğŸ“… BUY DATE: 20/08/2025
ğŸ“… BOOKED DATE: 21/08/2025

ğŸ’¼ Trade Details 
     Trade:  BTST
     Stock:  SIEMENS 3000 CE
     Quantity:  2 Lot
     Buy Price:  â‚¹158.4
     Sell Price:  â‚¹235
ğŸ’° Profit Booked:  â‚¹19,150/- 

ğŸ’¸ Capital Required:  â‚¹40,000/-

ğŸŒ ****www.eqwires.com**",2025-09-05 13:50:14
25013.0,2025-08-21,everydayprofits,724,90,"ALL JACKPOT CALLS GIVEN IN PREMIUM CHANNEL ğŸ‘†ğŸ‘†ğŸ‘†

JOIN AS A PREMIUM MEMBER FOR MORE SURESHOT TRADES WITH TARGET ,STOPLOSS AND GUIDANCE..

CONTACT 

@Profitseveryday01

1999 FOR 1 MONTH 

âœ… All trades comes with proper target and stoploss 
âœ…live market update in each and every trades 
âœ… trailing stoploss for catch big profit 
âœ… small stoploss big target 
âœ… extra sureshot trades 
âœ… daily 4-5 sureshot trades 
âœ…all trades in advance level, you can easily buy at our given level 
âœ…only stock option trades for intraday 
âœ… personally support",2025-09-05 13:50:14
8805.0,2025-08-20,eqwires,-1,90,"**Today's High-Quality Trade Update ğŸ“Š

ğŸ“… BUY DATE: 19/08/2025
ğŸ“… BOOKED DATE: 20/08/2025

ğŸ’¼ Trade Details 
     Trade:  BTST
     Stock:  VBL AUG HEDGE (FUT+500 PE)
     Quantity:  2 Lot
     Buy Price:  â‚¹504.75 + â‚¹6.50
     Sell Price:  â‚¹518.40 + â‚¹2.27
ğŸ’° Profit Booked:  â‚¹19,321.25

ğŸ’¸ Capital Required:  â‚¹64,000/-

ğŸŒ ****www.eqwires.com**",2025-09-05 13:50:14
24981.0,2025-08-18,everydayprofits,688,70,"UNOMINDA 
30 TO 35.70ğŸ”¥ğŸ”¥
1ST TARGET DONE ğŸ”¥âœ…
PROFIT PER LOT 
3100+ğŸ”¥
PREMIUM CHANNEL TRADE ğŸ”¥âœ…",2025-09-05 13:50:14
24953.0,2025-08-14,everydayprofits,661,70,"AUROPHARMA 
28.50 TO 35.65ğŸ”¥ğŸ”¥
1ST TARGET DONE ğŸ”¥âœ…
PROFIT PER LOT 
3900++ ğŸ”¥ğŸ”¥
PREMIUM CHANNEL TRADE ğŸ”¥âœ…",2025-09-05 13:50:14
24925.0,2025-08-13,everydayprofits,653,70,"MAXHEALTH 
28.50 TO 33.95 ğŸ”¥ğŸ”¥
ALMOST 1ST TARGET DONE ğŸ”¥âœ…
PROFIT PER LOT 
2800++ ğŸ”¥ğŸ”¥
PREMIUM CHANNEL TRADE ğŸ”¥âœ…",2025-09-05 13:50:14
22442.0,2025-08-12,equity99,563,70,"**Stallion India Fluorochemicals Limited (SIFL)**

ğŸš€ğŸš€ğŸš€ğŸš€ğŸ’¥ğŸ’¥ğŸ’¥ğŸš€ğŸš€ğŸš€ğŸš€

Leading Indian company specializing in manufacturing, blending, and distributing refrigerant and industrial gases used in sectors such as air conditioning, refrigeration, fire safety, semiconductors, pharmaceuticals, automotive, and electronics. Founded in 1992 and incorporated in 2002, the company currently operates four state-of-the-art facilities across Maharashtra, Rajasthan, and Haryana, focusing on advanced, energy-efficient refrigerants like Hydrocarbons (HC), Hydrofluorocarbons (HFCs), and Hydrofluoroolefins (HFOs).

Latest updates
Stallion India signed a Memorandum of Understanding (MoU) with the Government of Rajasthan to set up a cutting-edge R-32 refrigerant gas manufacturing plant in Bhilwara. The facility will also manufacture other advanced refrigerants (e.g., R-410A, R-404A, R-407C, R-454B).

Investment: â‚¹120 crore (INR)

Target: Production to begin in 2026

Jobs: About 30 direct jobs created

Support: Rajasthan State Industrial Development and Investment Corporation (RIICO) will facilitate approvals and infrastructure.

Other Important points
Strong Financial Growth: Consistent rise in revenue and profits. FY24 revenue: â‚¹233.23 crore; PAT (Profit after tax): â‚¹14.78 crore. Latest quarter (Q1 FY26) shows >50% revenue growth YoY.

Low Debt: The company is nearly debt-free and has focused on reducing its debt over time, boosting financial stability and reducing risk for investors.

Strategic Expansion: The new plant in Rajasthan will expand domestic manufacturing, reduce Indiaâ€™s dependency on imported refrigerants, and support sustainability goals.

Operational Efficiency: EBITDA and PAT margins have improved, reflecting enhanced operational management.

Diverse Customer Base & Product Range: Stallion services a broad range of industries and tailors solutions across various gas types, helping reduce reliance on any single sector and minimizing business risk.

Experienced Leadership: Led by a management team with decades of experience in the fluorochemicals and specialty gases industry. The company is recognized for innovation and regulatory compliance.

High Entry Barriers for Sector: Specialized technology, infrastructure, and regulatory needs serve as protective barriers against easy new competition, allowing Stallion to maintain its strong position in a growing market.",2025-09-05 13:50:14
24916.0,2025-08-08,everydayprofits,646,90,"JOIN AS A PREMIUM MEMBER FOR MORE SURESHOT TRADES WITH TARGET ,STOPLOSS AND GUIDANCE..

CONTACT 

@Profitseveryday01

1999 FOR 1 MONTH 

Join today, membership will count from next monday ğŸ”¥

âœ… All trades comes with proper target and stoploss 
âœ…live market update in each and every trades 
âœ… trailing stoploss for catch big profit 
âœ… small stoploss big target 
âœ… extra sureshot trades 
âœ… daily 4-5 sureshot trades 
âœ…all trades in advance level, you can easily buy at our given level 
âœ…only stock option trades for intraday 
âœ… personally support",2025-09-05 13:50:14
24913.0,2025-08-08,everydayprofits,646,70,"HINDPETRO 
12.60 TO 15 ğŸ”¥
1ST TARGET DONE ğŸ”¥âœ…
PROFIT PER LOT 
4800++ ğŸ”¥
PREMIUM CHANNEL TRADE ğŸ”¥âœ…",2025-09-05 13:50:14
22404.0,2025-08-06,equity99,544,70,"**Morning Alert..
Substantial tariff hike on India in 24 hours: US President Donald Trump**
With New Delhi still looking to find ways to respond to the White House threats of increasing tariffs on Indian goods, US President Donald Trump on Tuesday issued a fresh warning saying he would raise tariffs â€œvery substantiallyâ€ over the next 24 hours because India is buying Russian oil. He termed India as not a good trading partner. About the trade deal with India that seemed imminent, Trump said the â€œsticking pointâ€ with India is that its tariffs are too high. Trumpâ€™s latest statement on the issue came hours after Indiaâ€™s Ministry of External Affairs (MEA) issued a terse statement on Monday evening, where it termed the targeting by the US and the European Union for importing Russian crude unjustified and unreasonable. Until the Monday evening statement, Indian officials had said New Delhi did not want to publicly engage in a war of words with Trump, preferring to convey its perceptions to the White House behind closed doors. The developments in the past 24 hours have suggested a hardening of stands between the two countries. Addressing a public meeting in Uttar Pradesh on Sunday, Prime Minister Narendra Modi had urged Indians to buy locally manufactured products.

**Global market action**
Dow Jones â€“ Up by 0.32% or 142.02 points
FTSE â€“ Up by 0.16% or 14.43 points
CAC â€“ Down by 0.14% or 10.97 points
DAX â€“ Up by 0.37% or 88.38 points
Gift Nifty â€“ Down by 0.17% or 42.50 points
 
**FII/DII activities**
FII â€“ Sold 22.48Cr worth of shares
DII â€“ Bought 3840.39Cr worth of shares.

**Major Indian Indices PE**
Nifty 50 â€“ 21.8x 
Nifty Bank â€“ 15.1x

**Stocks with high delivery percentage**
Grindwell Norton Ltd â€“ 83.1%
Sai Life Sciences Ltd â€“ 82.7%
Infosys Ltd â€“ 81.5%
Carborundum Universal Ltd â€“ 80.6%
Bikaji Foods International Ltd â€“ 80%

**Primary market activities
Listing today**
Sri Lotus Developers Ltd (Main board) â€“ Subscribed 74.10x
M&B Engineering Ltd (Main board) â€“ Subscribed 38.11x
Mehul Colours Ltd (BSE SME) â€“ Subscribed 7.98x
Takyon Networks Ltd (BSE SME) â€“ Subscribed 21.77x
NSDL Ltd (Main board) â€“ Subscribed 41.02x

**Commodities updates**
Gold â€“ Rs 100715/10gm, Silver â€“ Rs 113498/kg, Brcrude â€“ Rs 5747/barrel, Copper â€“ Rs 867/kg.

**Corporate News**
Realty major DLF targets luxury segment launches in the near term.

KPI Green Energy Q1 net jumps over 68% to Rs 111.32 cr on higher revenues.

Britannia Q1 profit misses estimates, sees early signs of urban recovery.",2025-09-05 13:50:14
8802.0,2025-08-06,eqwires,-1,90,"**Today's High-Quality Trade Update ğŸ“Š

ğŸ“… BUY DATE: 05/08/2025
ğŸ“… BOOKED DATE: 06/08/2025

ğŸ’¼ Trade Details 
     Trade:  BTST
     Stock:  TRENT AUG FUT
     Quantity:  2 Lot
     Buy Price:  â‚¹5255
     Sell Price:  â‚¹5417
ğŸ’° Profit Booked:  â‚¹32,400/- 

ğŸ’¸ Capital Required:  â‚¹2,70,000/-

ğŸŒ ****www.eqwires.com**",2025-09-05 13:50:14
8796.0,2025-08-04,eqwires,-1,90,"**Today's High-Quality Trade Update ğŸ“Š

ğŸ“… BUY DATE: 01/08/2025
ğŸ“… BOOKED DATE: 04/08/2025

ğŸ’¼ Trade Details 
     Trade:  BTST
     Stock:  TVSMOTOR 2700 CE
     Quantity:  2 Lot
     Buy Price:  â‚¹167.20
     Sell Price:  â‚¹268
ğŸ’° Profit Booked:  â‚¹70,560/- 

ğŸ’¸ Capital Required:  â‚¹1,18,000/-

ğŸŒ ****www.eqwires.com**",2025-09-05 13:50:14
8798.0,2025-08-04,eqwires,-1,90,"**Today's High-Quality Trade Update ğŸ“Š

ğŸ“… BUY DATE: 01/08/2025
ğŸ“… BOOKED DATE: 04/08/2025

ğŸ’¼ Trade Details 
     Trade:  BTST
     Stock:  BANKBARODA AUG FUT
     Quantity:  2 Lot
     Buy Price:  â‚¹238.7
     Sell Price:  â‚¹242.91
ğŸ’° Profit Booked:  â‚¹24,628/- 

ğŸ’¸ Capital Required:  â‚¹2,95,000/-

ğŸŒ ****www.eqwires.com**",2025-09-05 13:50:14
8794.0,2025-08-01,eqwires,-1,90,"**Today's High-Quality Trade Update ğŸ“Š

ğŸ“… BUY DATE: 31/07/2025
ğŸ“… BOOKED DATE: 01/08/2025

ğŸ’¼ Trade Details 
     Trade:  BTST
     Stock:  TRENT AUG FUT
     Quantity:  2 Lot
     Buy Price:  â‚¹5058
     Sell Price:  â‚¹5248
ğŸ’° Profit Booked:  â‚¹38,000/- 

ğŸ’¸ Capital Required:  â‚¹2,56,000/-

ğŸŒ ****www.eqwires.com**",2025-09-05 13:50:14
8777.0,2025-07-21,eqwires,-1,90,"**ğŸ“ˆ Premium High Quality Trade Service ğŸ“Š

ğŸ’¼ Trade Details

ğŸ“… BUY DATE: 18/07/2025
ğŸ“… BOOKED DATE: 21/07/2025
     Trade: BTST 
     Stock: ICICIBANK JUL 1400 CE 
     Quantity:  2 Lot
     Buy Price:  â‚¹40.54
     Sell Price:  â‚¹58.58
ğŸ’° Profit Booked:  â‚¹25,256/- 

ğŸ’¸ Capital Required:  â‚¹57,000/-**",2025-09-05 13:50:14
8774.0,2025-07-21,eqwires,-1,90,"**ğŸ“ˆ Premium High Quality Trade Service ğŸ“Š

ğŸ’¼ Trade Details

ğŸ“… BUY DATE: 18/07/2025
ğŸ“… BOOKED DATE: 21/07/2025
     Trade: BTST 
     Stock: ICICIBANK JUL 1400 CE 
     Quantity:  2 Lot
     Buy Price:  â‚¹40.6
     Sell Price:  â‚¹55.4
ğŸ’° Profit Booked:  â‚¹20,720/- 

ğŸ’¸ Capital Required:  â‚¹56,000/-

In the same account

ğŸ“… BUY DATE: 21/07/2025
ğŸ“… BOOKED DATE: 21/07/2025
     Trade: INTRADAY 
     Stock: ICICIBANK JUL 1400 CE 
     Quantity:  2 Lot
     Buy Price:  â‚¹50.6
     Sell Price:  â‚¹62.3
ğŸ’° Profit Booked:  â‚¹16,100/- 

ğŸ’¸ Capital Required:  â‚¹71,000/-

ğŸ’° In The Same Account Total Profit: (20,720 + 16,100) =  â‚¹36,820/- 

ğŸŒ ****www.eqwires.com**",2025-09-05 13:50:14
8779.0,2025-07-21,eqwires,-1,90,"**ğŸ“ˆ Today's High-Quality Trade Update ğŸ“Š

ğŸ“… BUY DATE: 18/07/2025
ğŸ“… BOOKED DATE: 21/07/2025

ğŸ’¼ Trade Details 
     Trade:  BTST 
     Stock:  ICICIBANK JUL 1400 CE 
     Quantity:  3 LOT
     BUY Price:  â‚¹40.60
     SELL Price:  â‚¹60.20
ğŸ’° Profit Booked:  â‚¹41,265/- 

ğŸ’¸ Capital Required:  â‚¹86,000/-

ğŸŒ ****www.eqwires.com**",2025-09-05 13:50:14
8783.0,2025-07-21,eqwires,-1,90,"**ğŸ“ˆ Today's High-Quality Trade Update ğŸ“Š

ğŸ“… BUY DATE: 18/07/2025
ğŸ“… BOOKED DATE: 21/07/2025

ğŸ’¼ Trade Details 
     Trade:  BTST 
     Stock:  VEDL JUL 400 CE 
     Quantity:  1 LOT
     BUY Price:  â‚¹47.04
     SELL Price:  â‚¹57.30
ğŸ’° Profit Booked:  â‚¹11,799/- 

ğŸ’¸ Capital Required:  â‚¹55,000/-

ğŸŒ ****www.eqwires.com**",2025-09-05 13:50:14
8767.0,2025-07-18,eqwires,-1,90,"**ğŸ“ˆ Today's High-Quality Trade Update ğŸ“Š

ğŸ“… BUY DATE: 17/07/2025
ğŸ“… BOOKED DATE: 18/07/2025

ğŸ’¼ Trade Details 
     Trade:  BTST 
     Stock:  TATACOMM JUL 1680 CE 
     Quantity:  2 LOT
     BUY Price:  â‚¹66
     SELL Price:  â‚¹93
ğŸ’° Profit Booked:  â‚¹18,900/- 

ğŸ’¸ Capital Required:  â‚¹47,000/-

ğŸŒ ****www.eqwires.com**",2025-09-05 13:50:14
8770.0,2025-07-18,eqwires,-1,90,"**ğŸ“… BUY DATE: 17/07/2025
ğŸ“… BOOKED DATE: 18/07/2025

ğŸ’¼ Trade Details 
     Trade:  BTST 
     Stock:  TATACOMM JUL 1680 CE 
     Quantity:  2 LOT
     BUY Price:  â‚¹67.50
     SELL Price:  â‚¹89.40
ğŸ’° Profit Booked:  â‚¹15,330/-

ğŸ’¸ Capital Required:  â‚¹48,000/-

ğŸŒ ****www.eqwires.com**",2025-09-05 13:50:14
8764.0,2025-07-17,eqwires,-1,90,"**ğŸ“ˆ Today's High-Quality Trade Update ğŸ“Š

ğŸ“… BUY DATE: 16/07/2025
ğŸ“… BOOKED DATE: 17/07/2025

ğŸ’¼ Trade Details 
     Trade:  BTST 
     Stock:  TORNTPHARM JUL 3300 CE 
     Quantity:  2 LOT
     BUY Price:  â‚¹150.50
     SELL Price:  â‚¹210.50
ğŸ’° Profit Booked:  â‚¹30,000/- 

ğŸ’¸ Capital Required:  â‚¹76,000/-

ğŸŒ ****www.eqwires.com**",2025-09-05 13:50:14
8756.0,2025-07-17,eqwires,-1,90,"**ğŸ“ˆ Today's High-Quality Trade Update ğŸ“Š

ğŸ“… BUY DATE: 16/07/2025
ğŸ“… BOOKED DATE: 17/07/2025

ğŸ’¼ Trade Details 
     Trade:  BTST 
     Stock:  DLF JUL 800 CE 
     Quantity:  2 LOT
     BUY Price:  â‚¹38.93
     SELL Price:  â‚¹51.50
ğŸ’° Profit Booked:  â‚¹20,740.50/- 

ğŸ’¸ Capital Required:  â‚¹65,000/-

ğŸŒ ****www.eqwires.com**",2025-09-05 13:50:14
8758.0,2025-07-17,eqwires,-1,90,"**ğŸ“ˆ Today's High-Quality Trade Update ğŸ“Š

ğŸ“… BUY DATE: 16/07/2025
ğŸ“… BOOKED DATE: 17/07/2025

ğŸ’¼ Trade Details 
     Trade:  BTST 
     Stock:  DLF JUL 800 CE 
     Quantity:  2 LOT
     BUY Price:  â‚¹39.70
     SELL Price:  â‚¹54.70
ğŸ’° Profit Booked:  â‚¹24,750/- 

ğŸ’¸ Capital Required:  â‚¹66,000/-

ğŸŒ ****www.eqwires.com**",2025-09-05 13:50:14
8761.0,2025-07-17,eqwires,-1,90,"**ğŸ“ˆ Today's High-Quality Trade Update ğŸ“Š

ğŸ“… BUY DATE: 16/07/2025
ğŸ“… BOOKED DATE: 17/07/2025

ğŸ’¼ Trade Details 
     Trade:  BTST 
     Stock:  TORNTPHARM JUL 3300 CE 
     Quantity:  1 LOT
     BUY Price:  â‚¹150.26
     SELL Price:  â‚¹210.30
ğŸ’° Profit Booked:  â‚¹15,010/- 

ğŸ’¸ Capital Required:  â‚¹38,000/-

ğŸŒ ****www.eqwires.com**",2025-09-05 13:50:14
8752.0,2025-07-16,eqwires,-1,90,"**ğŸ“ˆ Today's High-Quality Trade Update ğŸ“Š

ğŸ“… BUY DATE: 02/07/2025
ğŸ“… BOOKED DATE: 16/07/2025

ğŸ’¼ Trade Details 
     Trade:  POSITIONAL 
     Stock:  SBIN JUL 800 CE 
     Quantity:  3 LOT
     BUY Price:  â‚¹29.95
     SELL Price:  â‚¹36
ğŸ’° Profit Booked:  â‚¹13,612.50/- 

ğŸ’¸ Capital Required:  â‚¹68,000/-

ğŸŒ ****www.eqwires.com**",2025-09-05 13:50:14
8749.0,2025-07-16,eqwires,-1,90,"**ğŸ“ˆ Today's High-Quality Trade Update ğŸ“Š

ğŸ“… BUY DATE: 14/07/2025
ğŸ“… BOOKED DATE: 16/07/2025

ğŸ’¼ Trade Details 
     Trade:  POSITIONAL 
     Stock:  REPCOHOME EQUITY
     Quantity:  475
     BUY Price:  â‚¹426.99
     SELL Price:  â‚¹456.16
ğŸ’° Profit Booked:  â‚¹13,855.75/- 

ğŸ’¸ Capital Required:  â‚¹2,03,000/-

ğŸŒ ****www.eqwires.com**",2025-09-05 13:50:14
8746.0,2025-07-15,eqwires,-1,90,"**ğŸ“ˆ Today's High-Quality Trade Update ğŸ“Š

ğŸ“… BUY DATE: 14/07/2025
ğŸ“… BOOKED DATE: 15/07/2025

ğŸ’¼ Trade Details 
     Trade:  BTST 
     Stock:  ANANTRAJ Equity
     Quantity:  540
     BUY Price:  â‚¹560.73
     SELL Price:  â‚¹601
ğŸ’° Profit Booked:  â‚¹21,745.8/- 

ğŸ’¸ Capital Required:  â‚¹3,03,000/-

ğŸŒ ****www.eqwires.com**",2025-09-05 13:50:14
8743.0,2025-07-15,eqwires,-1,90,"**ğŸ“ˆ Today's High-Quality Trade Update ğŸ“Š

ğŸ“… BUY DATE: 14/07/2025
ğŸ“… BOOKED DATE: 15/07/2025

ğŸ’¼ Trade Details 
     Trade:  BTST 
     Stock:  TATATECH JUL 680 CE
     Quantity:  2 LOT
     BUY Price:  â‚¹40.40
     SELL Price:  â‚¹56.20
ğŸ’° Profit Booked:  â‚¹25,280/- 

ğŸ’¸ Capital Required:  â‚¹65,000/-

ğŸŒ ****www.eqwires.com**",2025-09-05 13:50:14
8735.0,2025-07-14,eqwires,-1,90,"**ğŸ“ˆ Today's High-Quality Trade Update ğŸ“Š

ğŸ“… BUY DATE: 11/07/2025
ğŸ“… BOOKED DATE: 14/07/2025

ğŸ’¼ Trade Details 
     Trade:  BTST 
     Stock:  ETERNAL JUL 250 CE
     Quantity:  1 LOT
     BUY Price:  â‚¹17.10
     SELL Price:  â‚¹22.05
ğŸ’° Profit Booked:  â‚¹12,003.75/- 

ğŸ’¸ Capital Required:  â‚¹42,000/-

ğŸŒ ****www.eqwires.com**",2025-09-05 13:50:14
8739.0,2025-07-14,eqwires,-1,90,"**ğŸ“ˆ Today's High-Quality Trade Update ğŸ“Š

ğŸ“… BUY DATE: 11/07/2025
ğŸ“… BOOKED DATE: 14/07/2025

ğŸ’¼ Trade Details 
     Trade:  BTST 
     Stock:  HAL JUL FUT
     Quantity:  1 LOT
     BUY Price:  â‚¹4848.80
     SELL Price:  â‚¹4928.80
ğŸ’° Profit Booked:  â‚¹12,000/- 

ğŸ’¸ Capital Required:  â‚¹1,71,000/-

ğŸŒ ****www.eqwires.com**",2025-09-05 13:50:14
8726.0,2025-07-10,eqwires,-1,90,"**ğŸ“ˆ Today's High-Quality Trade Update ğŸ“Š

ğŸ“… BUY DATE: 10/07/2025
ğŸ“… BOOKED DATE: 10/07/2025

ğŸ’¼ Trade Details 
     Trade:  INTRADAY 
     Stock:  GABRIEL Equity
     Quantity:  350
     BUY Price:  â‚¹1050.88
     SELL Price:  â‚¹1083
ğŸ’° Profit Booked:  â‚¹11,240.90/- 

ğŸ’¸ Capital Required:  â‚¹3,68,000/-

ğŸŒ ****www.eqwires.com**",2025-09-05 13:50:14
8723.0,2025-07-10,eqwires,-1,90,"**ğŸ“ˆ Today's High-Quality Trade Update ğŸ“Š

ğŸ“… BUY DATE: 09/07/2025
ğŸ“… BOOKED DATE: 10/07/2025

ğŸ’¼ Trade Details 
     Trade:  BTST 
     Stock:  CONCOR JUL 560 CE
     Quantity:  2 Lot
     BUY Price:  â‚¹51.60
     SELL Price:  â‚¹67.60
ğŸ’° Profit Booked:  â‚¹40,000/- 

ğŸ’¸ Capital Required:  â‚¹1,29,000/-

ğŸŒ ****www.eqwires.com**",2025-09-05 13:50:14
8719.0,2025-07-10,eqwires,-1,90,"**ğŸ“ˆ Today's High-Quality Trade Update ğŸ“Š

ğŸ“… BUY DATE: 09/07/2025
ğŸ“… BOOKED DATE: 10/07/2025

ğŸ’¼ Trade Details 
     Trade:  BTST 
     Stock:  CONCOR JUL 560 CE
     Quantity:  3 Lot
     BUY Price:  â‚¹50.32
     SELL Price:  â‚¹64.90
ğŸ’° Profit Booked:  â‚¹54,675/- 

ğŸ’¸ Capital Required:  â‚¹1,89,000/-

ğŸŒ ****www.eqwires.com**",2025-09-05 13:50:14
8716.0,2025-07-09,eqwires,-1,90,"**Today's High-Quality Trade Update ğŸ“Š

ğŸ“… BUY DATE: 07/07/2025
ğŸ“… BOOKED DATE: 09/07/2025

ğŸ’¼ Trade Details 
     Trade:  POSITIONAL
     Stock: AMBER 31 JULY 7000 CE
     Quantity:  1 Lot
     BUY Price:  â‚¹550.40
     SELL Price:  â‚¹701.40
ğŸ’° Profit Booked:  â‚¹15,100/- 

ğŸ’¸ Capital Required:  â‚¹55,500/-

ğŸŒ ****www.eqwires.com**",2025-09-05 13:50:14
8708.0,2025-07-08,eqwires,-1,90,"**ğŸ“ˆ Today's High-Quality Trade Update ğŸ“Š

ğŸ“… SELL DATE: 07/07/2025
ğŸ“… BOOKED DATE: 08/07/2025

ğŸ’¼ Trade Details 
     Trade:  STBT
     Stock:  MCX JUL FUT
     Quantity:  2 Lot
     SELL Price:  â‚¹8814
     BUY Price:  â‚¹8514
ğŸ’° Profit Booked:  â‚¹75,000/- 

ğŸ’¸ Capital Required:  â‚¹5,62,000/-

ğŸŒ ****www.eqwires.com**",2025-09-05 13:50:14
8705.0,2025-07-08,eqwires,-1,90,"**ğŸ“ˆ Today's High-Quality Trade Update ğŸ“Š

ğŸ“… BUY DATE: 02/07/2025
ğŸ“… BOOKED DATE: 08/07/2025

ğŸ’¼ Trade Details 
     Trade:  POSITIONAL 
     Stock:  BHARATFORG JUL FUT
     Quantity:  2 Lot
     BUY Price:  â‚¹1288.55
     SELL Price:  â‚¹1312.60
ğŸ’° Profit Booked:  â‚¹24,050/- 

ğŸ’¸ Capital Required:  â‚¹2,82,000/-

ğŸŒ ****www.eqwires.com**",2025-09-05 13:50:14
8703.0,2025-07-08,eqwires,-1,90,"**ğŸ“ˆ Today's High-Quality Trade Update ğŸ“Š

ğŸ“… BUY DATE: 03/07/2025
ğŸ“… BOOKED DATE: 08/07/2025

ğŸ’¼ Trade Details 
     Trade:  POSITIONAL 
     Stock:  LTIM JUL 5000 CE
     Quantity:  2 Lot
     BUY Price:  â‚¹386.90
     SELL Price:  â‚¹439.70
ğŸ’° Profit Booked:  â‚¹15,840/- 

ğŸ’¸ Capital Required:  â‚¹1,17,000/-

ğŸŒ ****www.eqwires.com**",2025-09-05 13:50:14
8697.0,2025-07-07,eqwires,-1,90,"**ğŸ“ˆ Today's High-Quality Trade Update ğŸ“Š

ğŸ“… BUY DATE: 04/07/2025
ğŸ“… BOOKED DATE: 07/07/2025

ğŸ’¼ Trade Details 
     Trade:  BTST 
     Stock:  MAZDA Equity
     Quantity:  537
     BUY Price:  â‚¹285.98
     SELL Price:  â‚¹332.22
ğŸ’° Profit Booked:  â‚¹24,830.88/- 

ğŸ’¸ Capital Required:  â‚¹1,54,000/-

ğŸŒ ****www.eqwires.com**",2025-09-05 13:50:14
8695.0,2025-07-07,eqwires,-1,90,"**Today's High-Quality Trade Update ğŸ“Š

ğŸ“… BUY DATE: 30/06/2025
ğŸ“… BOOKED DATE: 07/07/2025

ğŸ’¼ Trade Details 
     Trade:  POSITIONAL 
     Stock:  LTIM
     Quantity:  2 Lot
     BUY Price:  â‚¹377.42
     SELL Price:  â‚¹435
ğŸ’° Profit Booked:  â‚¹17,274/- 

ğŸ’¸ Capital Required:  â‚¹1,13,225/-

ğŸŒ ****www.eqwires.com**",2025-09-05 13:50:14
8691.0,2025-07-04,eqwires,-1,90,"**Today's High-Quality Trade Update ğŸ“Š

ğŸ“… BUY DATE: 03/07/2025
ğŸ“… BOOKED DATE: 04/07/2025

ğŸ’¼ Trade Details 
     Trade:  BTST 
     Stock:  MAZDOCK JUL 3000 CE
     Quantity:  1 Lot
     BUY Price:  â‚¹320.21
     SELL Price:  â‚¹381.50
ğŸ’° Profit Booked:  â‚¹10,726/- 

ğŸ’¸ Capital Required:  â‚¹56,036/-

ğŸŒ ****www.eqwires.com**",2025-09-05 13:50:14
8689.0,2025-07-04,eqwires,-1,90,"**ğŸ“ˆ Today's High-Quality Trade Update ğŸ“Š

ğŸ“… BUY DATE: 04/07/2025
ğŸ“… BOOKED DATE: 04/07/2025

ğŸ’¼ Trade Details 
     Trade:  INTRADAY 
     Stock:  AUROPHARMA JUL 1100 CE
     Quantity:  2 Lot
     BUY Price:  â‚¹97.05
     SELL Price:  â‚¹107.67
ğŸ’° Profit Booked:  â‚¹11,687.50/- 

ğŸ’¸ Capital Required:  â‚¹1,07,000/-

ğŸŒ ****www.eqwires.com**",2025-09-05 13:50:14
8678.0,2025-07-03,eqwires,-1,90,"**ğŸ“ˆ Today's High-Quality Trade Update ğŸ“Š

ğŸ“… BUY DATE: 02/07/2025
ğŸ“… BOOKED DATE: 03/07/2025

ğŸ’¼ Trade Details 
     Trade:  BTST 
     Stock:  BHARATFORG JUL FUT
     Quantity:  1 Lot
     BUY Price:  â‚¹1280.20
     SELL Price:  â‚¹1330.50
ğŸ’° Profit Booked:  â‚¹25,150/- 

ğŸ’¸ Capital Required:  â‚¹1,43,000/-

ğŸŒ ****www.eqwires.com**",2025-09-05 13:50:14
8670.0,2025-07-03,eqwires,-1,90,"**ğŸ“ˆ Today's High-Quality Trade Update ğŸ“Š

ğŸ“… BUY DATE: 02/07/2025
ğŸ“… BOOKED DATE: 03/07/2025

ğŸ’¼ Trade Details 
     Trade:  BTST 
     Stock:  BLUESTARCO JUL 1600 CE
     Quantity:  1 Lot
     BUY Price:  â‚¹126
     SELL Price:  â‚¹191.05
ğŸ’° Profit Booked:  â‚¹21,141.25/-/- 

ğŸ’¸ Capital Required:  â‚¹41,000/-

ğŸŒ ****www.eqwires.com**",2025-09-05 13:50:14
8673.0,2025-07-03,eqwires,-1,90,"**ğŸ“ˆ Today's High-Quality Trade Update ğŸ“Š

ğŸ“… BUY DATE: 26/06/2025
ğŸ“… BOOKED DATE: 03/07/2025

ğŸ’¼ Trade Details 
     Trade:  POSITIONAL 
     Stock:  TATAMOTORS JUL 630 CE
     Quantity:  2 Lot
     BUY Price:  â‚¹57
     SELL Price:  â‚¹71
ğŸ’° Profit Booked:  â‚¹22,400/- 

ğŸ’¸ Capital Required:  â‚¹92,000/-

ğŸŒ ****www.eqwires.com**",2025-09-05 13:50:14
8676.0,2025-07-03,eqwires,-1,90,"**ğŸ“ˆ Today's High-Quality Trade Update ğŸ“Š

ğŸ“… BUY DATE: 26/06/2025
ğŸ“… BOOKED DATE: 03/07/2025

ğŸ’¼ Trade Details 
     Trade:  POSITIONAL 
     Stock:  GAIL JUL FUT
     Quantity:  1 Lot
     BUY Price:  â‚¹186
     SELL Price:  â‚¹194.10
ğŸ’° Profit Booked:  â‚¹25,515/- 

ğŸ’¸ Capital Required:  â‚¹1,31,000/-

ğŸŒ ****www.eqwires.com**",2025-09-05 13:50:14
8681.0,2025-07-03,eqwires,-1,90,"**ğŸ“ˆ Today's High-Quality Trade Update ğŸ“Š

ğŸ“… BUY DATE: 03/07/2025
ğŸ“… BOOKED DATE: 03/07/2025

ğŸ’¼ Trade Details 
     Trade:  INTRADAY 
     Stock:  DMART JUL 4000 CE
     Quantity:  2 Lot
     BUY Price:  â‚¹301
     SELL Price:  â‚¹351
ğŸ’° Profit Booked:  â‚¹15,000/- 

ğŸ’¸ Capital Required:  â‚¹91,000/-

ğŸŒ ****www.eqwires.com**",2025-09-05 13:50:14
8684.0,2025-07-03,eqwires,-1,90,"**ğŸ“ˆ Premium High Quality Trade Service ğŸ“Š

ğŸ’¼ Trade Details

ğŸ“… BUY DATE: 03/07/2025
ğŸ“… BOOKED DATE: 03/07/2025
     Trade: INTRADAY 
     Stock: NIFTY 3 JUL 25400 CE 
     Quantity:  10 Lot
     Buy Price:  â‚¹125.21
     Sell Price:  â‚¹136.62
ğŸ’° Profit Booked:  â‚¹11,122.50/- 

ğŸ’¸ Capital Required:  â‚¹1,23,000/-

ğŸ’¼ Trade Details

ğŸ“… BUY DATE: 03/07/2025
ğŸ“… BOOKED DATE: 03/07/2025
     Trade: INTRADAY 
     Stock: NIFTY 3 JUL 25500 CE
     Quantity:  10 Lot
     Buy Price:  â‚¹78.50
     Sell Price:  â‚¹92
ğŸ’° Profit Booked:  â‚¹10,121.25/- 

ğŸ’¸ Capital Required:  â‚¹59,000/-

ğŸ’° In The Same Account Total Profit: (11,122.50 + 10,121.25) =  â‚¹21,243.75/- 

ğŸ’¸ Total Capital Required: (1,23,000 + 59,000) = â‚¹1,82,000/-

ğŸŒ ****www.eqwires.com**",2025-09-05 13:50:14
8658.0,2025-07-02,eqwires,-1,90,"**ğŸ“ˆ Today's High-Quality Trade Update ğŸ“Š

ğŸ“… BUY DATE: 02/07/2025
ğŸ“… BOOKED DATE: 02/07/2025

ğŸ’¼ Trade Details 
     Trade:  INTRADAY 
     Stock:  BLUESTAR JUL  1600 CE
     Quantity:  2 Lot
     BUY Price:  â‚¹118.70
     SELL Price:  â‚¹137.20
ğŸ’° Profit Booked:  â‚¹12,025/- 

ğŸ’¸ Capital Required:  â‚¹78,000/-

ğŸŒ ****www.eqwires.com**",2025-09-05 13:50:14
8665.0,2025-07-02,eqwires,-1,90,"**ğŸ“ˆ Today's High-Quality Trade Update ğŸ“Š

ğŸ“… BUY DATE: 02/07/2025
ğŸ“… BOOKED DATE: 02/07/2025

ğŸ’¼ Trade Details 
     Trade:  INTRADAY 
     Stock:  BLUESTARCO JUL 1600 CE
     Quantity:  2 Lot
     BUY Price:  â‚¹121.72
     SELL Price:  â‚¹141.75
ğŸ’° Profit Booked:  â‚¹13,019.50/- 

ğŸ’¸ Capital Required:  â‚¹80,000/-

ğŸŒ ****www.eqwires.com**",2025-09-05 13:50:14
8656.0,2025-07-02,eqwires,-1,90,"**ğŸ“ˆ Today's High-Quality Trade Update ğŸ“Š

ğŸ“… BUY DATE: 01/07/2025
ğŸ“… BOOKED DATE: 02/07/2025

ğŸ’¼ Trade Details 
     Trade:  BTST 
     Stock:  TATASTEEL JUL  FUT
     Quantity:  1 Lot
     BUY Price:  â‚¹159.15
     SELL Price:  â‚¹164.15
ğŸ’° Profit Booked:  â‚¹27,500/- 

ğŸ’¸ Capital Required:  â‚¹1,74,000/-

ğŸŒ ****www.eqwires.com**",2025-09-05 13:50:14
8661.0,2025-07-02,eqwires,-1,90,"**ğŸ“ˆ Premium High Quality Trade Service ğŸ“Š

ğŸ’¼ Trade Details

ğŸ“… BUY DATE: 01/07/2025
ğŸ“… BOOKED DATE: 02/07/2025
     Trade: BTST 
     Stock: LTIM JUL 5000 CE 
     Quantity:  2 Lot
     Buy Price:  â‚¹379.25
     Sell Price:  â‚¹435
ğŸ’° Profit Booked:  â‚¹16,725/- 

ğŸ’¸ Capital Required:  â‚¹1,14,000/-

ğŸ’¼ Trade Details

ğŸ“… BUY DATE: 02/07/2025
ğŸ“… BOOKED DATE: 02/07/2025
     Trade: INTRADAY 
     Stock: TRENT JUL 5800 CE
     Quantity:  2 Lot
     Buy Price:  â‚¹422.52
     Sell Price:  â‚¹499
ğŸ’° Profit Booked:  â‚¹15,295/- 

ğŸ’¸ Capital Required:  â‚¹85,000/-

ğŸ’° In The Same Account Total Profit: (16,725 + 15,295) =  â‚¹32,020/- 

ğŸ’¸ Total Capital Required: (1,14,000 + 85,000) = â‚¹1,99,000/-

ğŸŒ ****www.eqwires.com**",2025-09-05 13:50:14
8645.0,2025-07-01,eqwires,-1,90,"**ğŸ“ˆ Today's High-Quality Trade Update ğŸ“Š

ğŸ“… BUY DATE: 30/06/2025
ğŸ“… BOOKED DATE: 01/07/2025

ğŸ’¼ Trade Details 
     Trade:  BTST 
     Stock:  LTIM JUL 5000 CE
     Quantity:  2 Lot
     BUY Price:  â‚¹380.70
     SELL Price:  â‚¹451.18
ğŸ’° Profit Booked:  â‚¹21,142.50/- 

ğŸ’¸ Capital Required:  â‚¹1,15,000/-

ğŸŒ ****www.eqwires.com**",2025-09-05 13:50:14
8643.0,2025-07-01,eqwires,-1,90,"**Today's High-Quality Trade Update ğŸ“Š

ğŸ“… BUY DATE: 24/06/2025
ğŸ“… BOOKED DATE: 01/07/2025

ğŸ’¼ Trade Details 
     Trade:  POSITIONAL 
     Stock:  TATACOMM JUL 1600 CE
     Quantity:  2 Lot
     BUY Price:  â‚¹102.25
     SELL Price:  â‚¹132.20
ğŸ’° Profit Booked:  â‚¹20,965/- 

ğŸ’¸ Capital Required:  â‚¹71,575/-

ğŸŒ ****www.eqwires.com**",2025-09-05 13:50:14
8648.0,2025-07-01,eqwires,-1,90,"**ğŸ“ˆ Today's High-Quality Trade Update ğŸ“Š

ğŸ“… BUY DATE: 30/06/2025
ğŸ“… BOOKED DATE: 01/07/2025

ğŸ’¼ Trade Details 
     Trade:  BTST 
     Stock:  LTIM JUL 5000 CE
     Quantity:  2 Lot
     BUY Price:  â‚¹380
     SELL Price:  â‚¹430
ğŸ’° Profit Booked:  â‚¹15,000/- 

ğŸ’¸ Capital Required:  â‚¹1,14,000/-

ğŸŒ ****www.eqwires.com**",2025-09-05 13:50:14
8651.0,2025-07-01,eqwires,-1,90,"**ğŸ“ˆ Today's High-Quality Trade Update ğŸ“Š

ğŸ“… BUY DATE: 26/06/2025
ğŸ“… BOOKED DATE: 01/07/2025

ğŸ’¼ Trade Details 
     Trade:  POSITIONAL 
     Stock:  TATACOMM JUL 1600 CE
     Quantity:  2 Lot
     BUY Price:  â‚¹102.70
     SELL Price:  â‚¹125.70
ğŸ’° Profit Booked:  â‚¹16,100/- 

ğŸ’¸ Capital Required:  â‚¹72,000/-

ğŸŒ ****www.eqwires.com**",2025-09-05 13:50:14
8637.0,2025-06-30,eqwires,-1,90,"**ğŸ“ˆ Today's High-Quality Trade Update ğŸ“Š

ğŸ“… BUY DATE: 26/06/2025
ğŸ“… BOOKED DATE: 30/06/2025

ğŸ’¼ Trade Details 
     Trade:  POSITIONAL 
     Stock:  SIEMENS JUL 300 CE
     Quantity:  2 Lot
     BUY Price:  â‚¹203.18
     SELL Price:  â‚¹319.70
ğŸ’° Profit Booked:  â‚¹29,131.25/- 

ğŸ’¸ Capital Required:  â‚¹51,000/-

ğŸŒ ****www.eqwires.com**",2025-09-05 13:50:14
8634.0,2025-06-30,eqwires,-1,90,"**ğŸ“ˆ Today's High-Quality Trade Update ğŸ“Š

ğŸ“… BUY DATE: 30/06/2025
ğŸ“… BOOKED DATE: 30/06/2025

ğŸ’¼ Trade Details 
     Trade:  INTRADAY 
     Stock:  TRENT JUL 5800 CE
     Quantity:  2 Lot
     BUY Price:  â‚¹394.70
     SELL Price:  â‚¹494.70
ğŸ’° Profit Booked:  â‚¹20,000/- 

ğŸ’¸ Capital Required:  â‚¹79,000/-

ğŸŒ ****www.eqwires.com**",2025-09-05 13:50:14
8631.0,2025-06-30,eqwires,-1,90,"**ğŸ“ˆ Today's High-Quality Trade Update ğŸ“Š

ğŸ“… BUY DATE: 27/06/2025
ğŸ“… BOOKED DATE: 30/06/2025

ğŸ’¼ Trade Details 
     Trade:  BTST 
     Stock:  SBIN JUL FUT
     Quantity:  2 Lot
     BUY Price:  â‚¹809.85
     SELL Price:  â‚¹822.85
ğŸ’° Profit Booked:  â‚¹19,500/- 

ğŸ’¸ Capital Required:  â‚¹2,18,000/-

ğŸŒ ****www.eqwires.com**",2025-09-05 13:50:14
8622.0,2025-06-30,eqwires,-1,90,"**ğŸ“ˆ Today's High-Quality Trade Update ğŸ“Š

ğŸ“… BUY DATE: 27/06/2025
ğŸ“… BOOKED DATE: 30/06/2025

ğŸ’¼ Trade Details 
     Trade:  BTST 
     Stock:  BANKBARODA JUL FUT
     Quantity:  2 Lot
     BUY Price:  â‚¹243
     SELL Price:  â‚¹248.30
ğŸ’° Profit Booked:  â‚¹31,005/- 

ğŸ’¸ Capital Required:  â‚¹3,02,000/-

ğŸŒ ****www.eqwires.com**",2025-09-05 13:50:14
8627.0,2025-06-30,eqwires,-1,90,"**ğŸ“ˆ Today's High-Quality Trade Update ğŸ“Š

ğŸ“… BUY DATE: 27/06/2025
ğŸ“… BOOKED DATE: 30/06/2025

ğŸ’¼ Trade Details 
     Trade:  BTST 
     Stock:  BANKBARODA JUL FUT
     Quantity:  1 Lot
     BUY Price:  â‚¹242.93
     SELL Price:  â‚¹248.95
ğŸ’° Profit Booked:  â‚¹17,608.50/- 

ğŸ’¸ Capital Required:  â‚¹1,51,000/-

ğŸŒ ****www.eqwires.com**",2025-09-05 13:50:14
8624.0,2025-06-30,eqwires,-1,90,"**Today's High-Quality Trade Update ğŸ“Š

ğŸ“… BUY DATE: 27/06/2025
ğŸ“… BOOKED DATE: 30/06/2025

ğŸ’¼ Trade Details 
     Trade:  BTST 
     Stock:  BANKBARODA JUL FUT
     Quantity:  1 Lot
     BUY Price:  â‚¹243.06
     SELL Price:  â‚¹248.70
ğŸ’° Profit Booked:  â‚¹16,497/- 

ğŸ’¸ Capital Required:  â‚¹1,51,000/-**",2025-09-05 13:50:14
8615.0,2025-06-27,eqwires,-1,90,"**ğŸ“ˆ Today's High-Quality Trade Update ğŸ“Š

ğŸ“… BUY DATE: 26/06/2025
ğŸ“… BOOKED DATE: 27/06/2025

ğŸ’¼ Trade Details 
     Trade:  BTST 
     Stock:  GAIL JUL 175 CE
     Quantity:  2 Lot
     BUY Price:  â‚¹13.32
     SELL Price:  â‚¹18.35
ğŸ’° Profit Booked:  â‚¹31,689/- 

ğŸ’¸ Capital Required:  â‚¹84,000/-

ğŸŒ ****www.eqwires.com**",2025-09-05 13:50:14
8613.0,2025-06-27,eqwires,-1,90,"**ğŸ“ˆ Today's High-Quality Trade Update ğŸ“Š

ğŸ“… BUY DATE: 26/06/2025
ğŸ“… BOOKED DATE: 27/06/2025

ğŸ’¼ Trade Details 
     Trade:  BTST 
     Stock:  GAIL JUL FUT
     Quantity:  2 Lot
     BUY Price:  â‚¹185.41
     SELL Price:  â‚¹192.40
ğŸ’° Profit Booked:  â‚¹44,037/- 

ğŸ’¸ Capital Required:  â‚¹2,62,000/-

ğŸŒ ****www.eqwires.com**",2025-09-05 13:50:14
5705.0,2025-05-30,sharesnservices,-1,80,"**Much awaited Volume BreakOut in ****#LIC****ğŸ’¥ğŸ“ˆ**

LIC Traded Volume Yesterday Is Highest Since Listing..ğŸ”¥ğŸ”¥

__Our All Time favourite ____#HighConviction____ Call in LICğŸ‘
**See the Msg to Our Premium Clients at Bottom levels that.. **__**__#LIC__****__ is MUST BUY at 740 - 780.. that's the Level of Confidence âœ…__**
`Our Premium Trading call Already generated â‚¹80k++ Profits per lotğŸ’¸ğŸ’¸`

**#LIC**** is Must as SIP Stock in every Portfolio ğŸ‘**
This can be just a Start for Big RallyğŸ‘Œ
**Our LongTerm Targets are 1200 - 1400 - 2100++**

JFI,
LIC has 10% holdings in much awaited #NSE IPO.. which is worth â‚¹50,000 crs++ yet to be Unlocked ğŸ˜

`Everyone will come now giving Buy Calls.. But who was giving the calls at Bottom.?`


**__Right Time Right Guidance.. Only with __****__@SharesNservices__****__ğŸ‘__**

Now is the Right Time to Start the Subscription as It provides Fresh Ideas with Favourable RiskRawards & OpportunitiesğŸ‘Œâœ…
The Early you Start the Better it GetsğŸ’°
 
----------------------------------
----------------------------------
`Quality Things & Research comes with Premium Cost & Not for Free ğŸ˜Š`
**For Right Advisory & Fantastic Calls..**ğŸ’°
__Join Our Premium Paid Services..âœ…__ğŸ‘
For More Details,
**WhatsApp.: ****9769896969**

Share @sharesNservices With Your Friends & Trading Community for their Best Benefits âœ…ğŸ‘‰
https://chat.whatsapp.com/DGBWBxj0N8O4aJ8L3dF8mL

**Free Telegram Channel :** 
https://t.me/SharesNservices",2025-09-05 13:50:14
32913.0,2025-05-23,green_traders_sebi,822,70,"ğŸ™ GOOD MORNING ALL ğŸŒ»

ğŸŒº Have A Profitable Day today ğŸŒ¹


NOTE: POSTS HERE ARE BASED ON MY RESEARCH AND ARE FOR EDUCATIONAL PURPOSES ONLY. We are not liable for any Profit or Loss.

PLEASE CONSULT YOUR FINANCIAL ADVISOR
BEFORE BUYING OR SELLING.
THANKS! âœ¨

Few useful Abbreviations for new traders:
SL: Stop Loss
TGT: Target
CMP: Current Market PRICE
BTST: Buy Today Sell Tomorrow
STBT: Sell Today Buy Tomorrow

The profit/loss figures mentioned are indicative and based on assumptions. 

Futures: Single Lot
OPTIONS: Single lot
Index: 4-5lots",2025-09-05 13:50:14
5693.0,2025-05-14,sharesnservices,-1,70,"**__Boom Blastic CallsğŸ’¥ğŸ’¥__**

When everyone is fearful, we trigger the best of the Callsâœ…ğŸ’¯

Now everyone is Mad for Defence..ğŸ˜…
**__But Buying it at the Right Levels gives you amazing returnsâœ…ğŸ’¯__ **

Client only says Paras Defence almost Double..ğŸ’°ğŸ¥³
Recent call of GRSE from 1600 to 1900 & then again ReEntry from 1800 to 2200ğŸ”¥ğŸ”¥

We Initiated Wires & Cable Stocks,
When it was beaten down.. Our RR Kabel from 900 to 1200++ğŸ”¥ğŸ”¥

**The client who was taking Multiple advisor services, Closed all & Realised to follow us after comparing to all..âœ…**ğŸ‘

__That's the Quality of Services.. when they only speak for our Work __ğŸ‘Œ

`Everyone will come now giving Buy Calls.. But who was giving the calls at Bottom.?`

**__Right Time Right Guidance.. Only with __****__@SharesNservices__**ğŸ‘

Now is the Right Time to Start the Subscription as It provides Fresh Ideas with Favourable RiskRawards & OpportunitiesğŸ‘Œâœ…
The Early you Start the Better it GetsğŸ’°
 
----------------------------------
----------------------------------
`Quality Things & Research comes with Premium Cost & Not for Free `ğŸ™‚ 
**For Right Advisory & Fantastic Calls..**ğŸ’° 
__Join Our Premium Paid Services..âœ…ğŸ‘__
For More Details,
**WhatsApp.: ****9769896969**

Share @sharesNservices With Your Friends & Trading Community for their Best Benefits âœ…ğŸ‘‰
https://chat.whatsapp.com/DGBWBxj0N8O4aJ8L3dF8mL

**Free Telegram Channel :**
https://t.me/SharesNservices",2025-09-05 13:50:14
5682.0,2025-05-02,sharesnservices,-1,70,"â­ï¸**__ Story of BSE __**â­ï¸** **

**__BSE IPO came in 2017ğŸ’« __**

__254 shares original  allotted @ 806. Investment value  was 2,04,724 = 00__

__Announced Bonus 2 shares for every 1 share held, In the year 2022.__

So  254 x 3=762 total shares after this  Bonus

__762 shares  today's rate @ 6800 = 51,81,600 = 00__


 __So who has Invested approx  â‚¹2,00,000/- in 2017, todays valuation is approx 51 lacs plus plus  ğŸ’°ğŸ¤©ğŸ¥³__  

**__Money becomes more than 25 times ğŸ’¥ in just 8 years__**
**__From Our Buying Call.. It's 30 Times Return, As we advised at Perfect Time after Correction at Right Price __**ğŸ”¥ğŸ”¥
 

**__Patience is the Master Key of Wealth Creation with Right Stock at Right Time..âœ…__**
__Power of Investing in Equity ğŸ’¥ğŸ”¥__

**__Likewise, now NSE is available in UnListed / PreIPO Space.  Don't miss the Opportunityâœ…ğŸ’¯__**

**Why NSE - Unlisted is a Good Buy NowğŸ‘Œâœ…**
__Monopoly & Market Leader available at attractive Valuations compared to peersğŸ˜__

**Funda Check : NSE vs BSE**

Price: 1590 | 6300
Mcap: 3.9L Cr | 85k Cr
**PE: 48 | 91** 
PB: 16.7 | 24
PS: 24 | 30
**ROE: 35% | 20%**
OPM: 80% | 55%
**NPM: 60% | 40%**
PEG: 4 | 5.5
Expected growth: 12% | 17%
Dividend yield: 1% | 0.25%
Price in 2 years: 3X | 10X
Price in 5 years: 10X | 30X
**Market share: 90%+ | <10%
Derivatives share: 75% | 25%** 

__BSE is Extremely Overvalued when compared to NSEğŸš¨__

Fundamental story of NSE remains intact.. ~ **As Monopoly Stock with 90%+ Market Shares.. Very high moats** and Entry Barriers ; **Huge size of opportunity** given the low penetration of equity as % of household savings ; Very High Return on Capital & meaningful market share. And last but not the least , a Tech Play that can be leveraged through product innovation and Technology advancements.ğŸ‘

As the world's largest derivatives exchange, NSE offers an incredible opportunity for investors to participate in its growth by purchasing its unlisted shares. These shares offer lucrative potential for capital appreciation, particularly as NSE is expected to list on the stock market in the near future.
**Invest in NSE, if you believe in Indian MarketsğŸ’¯**

**For the Best deals, Contact us in DM/WhatsApp us on ~ ****9769000157****ğŸ‘**

https://whatsapp.com/channel/0029Va4FwME1yT2DV56qbe3F/557

**Only Serious Buyers with Qty can DM us..âœ…ğŸ‘** 
Not for just Price Check ğŸ™ˆ",2025-09-05 13:50:14
9184.0,2025-04-22,chasealpha,269,80,"**Market Closing

ğŸŸ  Nifty 50**
Nifty opened marginally higher and remained in a **tight, rangebound session**, consolidating around the **VWAP**, largely influenced by **Sensex expiry-related flows**â€”as highlighted in the morning report.

After brief morning volatility, the index traded within a **narrow 100-point range**, eventually closing **flat near the opening level**, forming a **daily Doji candle**, indicating **indecision and a pause after recent gains**.
ğŸ”¸ **Closing Level:** **24,167** (+42 pts)

**ğŸŸ  Bank Nifty**
Bank Nifty also opened above the previous close and led initial gains, touching a high of **55,960**, just shy of the **56,000 resistance**, as projected in the morning report.

The index **held most of its gains**, consolidating near VWAP for the remainder of the session, reflecting **underlying strength** and maintaining its **bullish structure**.
ğŸ”¸ **Closing Level:** **55,647** (+343 pts)

**ğŸŸ  Broader Markets**
Broader markets saw an **initial burst of momentum**, helping the **MidCap Select index reclaim the 12,000 mark**, but later settled into a **rangebound session**, mirroring the benchmark indices.

Market participation was **broad but selective**, with signs of **sector rotation and some profit booking** in recent outperformers. The **advance-decline ratio** remained positive, with **315 gainers vs. 182 decliners**, pointing to continued accumulation in specific pockets.
ğŸ”¸ **MidCap Select Closing Level:** **12,095** (+143 pts)

**âœ… Sectoral Gainers: ** Realty(2.42%), FMCG( 1.89%)
**ğŸ”» Sectoral Losers:** IT(-0.57%) PSE(-0.37%)

**FII DII Data**
FIIs Buy  1,290 cr ğŸš€
DIIs Sell  885 cr 
in equities today",2025-09-05 13:50:14
5664.0,2025-04-08,sharesnservices,-1,80,"**__Markets Analysis Dot to Dot in AdvanceğŸ“ˆğŸ“‰ğŸ“ˆ__
On Point Right Time - Right GuidanceğŸ“Œâœ…ğŸ”¥**

`On 27th Feb ~`
__Given levels & In Bold statement told to Buy around 22000 & We saw 1800 points ____#Nifty____ Rally from those levelsâœ…ğŸ’¯__

`On 25th March ~`
__We updated to Our Premium Clients, That Markets are at Resistance near 23800 - 24000 and Clearly Adviced to Book Profits & Buy on Dipsâœ…ğŸ’¯

We also advised to Hedge Portfolio with Nifty 23000 PE..__ 
**Which Turned into 10x JackPotğŸ”¥ğŸ”¥ğŸ’¸ğŸ’¸** 

**__Clear Views & Perfect Levels at Right Time âœ…ğŸ‘
Only with __****__@SharesNservices__**ğŸ‘

Now is the Right Time to Start the Subscription as It provides Fresh Ideas with Favourable RiskRawards & OpportunitiesğŸ‘Œâœ…
The Early you Start the Better it GetsğŸ’°
 
----------------------------------
----------------------------------
`Quality Things & Research comes with Premium Cost & Not for Free ğŸ˜Š`
**For Right Advisory & Fantastic Calls..**ğŸ’°
__Join Our Premium Paid Services..âœ…ğŸ‘__
For More Details,
**WhatsApp.: ****9769896969** 

Share @sharesNservices With Your Friends & Trading Community for their Best Benefits âœ…ğŸ‘‰
https://chat.whatsapp.com/BY6xVDbuKg79EUmlpZqmMI

**Free Telegram Channel :**
https://t.me/SharesNservices",2025-09-05 13:50:14
5650.0,2025-03-25,sharesnservices,-1,70,"**__Clear Views & Perfect Levels at Right Time âœ…ğŸ‘__**

**Our Dot to Dot Guidance in Bluechip Articles & groupsğŸ’¯**

 `1500++ Points #Nifty Rally in just 20 daysğŸ”¥ğŸ”¥` 
**__ __****__#Nifty__****__ from 22000 to 23600ğŸ“ˆğŸ“ˆ__**


Again Initiated later that week, that Markets likely to Bottomed Out.. Now, Results are in front of youğŸ”¥ğŸ”¥

`Everyone will come now giving Buy Calls.. But who was giving the calls at Bottom.?`


**__Right Time Right Guidance.. Only with __****__@SharesNservices__****__ğŸ‘__**

Now is the Right Time to Start the Subscription as It provides Fresh Ideas with Favourable RiskRawards & OpportunitiesğŸ‘Œâœ…
The Early you Start the Better it GetsğŸ’°
 
----------------------------------
----------------------------------
`Quality Things & Research comes with Premium Cost & Not for Free ğŸ˜Š`
**For Right Advisory & Fantastic Calls..ğŸ’°**
__Join Our Premium Paid Services..âœ…ğŸ‘__
For More Details,
**WhatsApp.: ****9769896969**

Share @sharesNservices With Your Friends & Trading Community for their Best Benefits âœ…ğŸ‘‰
https://chat.whatsapp.com/BY6xVDbuKg79EUmlpZqmMI

**Free Telegram Channel :**
https://t.me/SharesNservices",2025-09-05 13:50:14
2985.0,2025-02-11,2387924796 0,920,70,"**#JACKPOT****âœ…âœ…âœ…

âš¡ ADANIENT 2360 CE **âš¡**

75 TO 99+ ğŸ”¼ğŸ”¼ğŸ”¼

ğŸ‘‰ LOT SIZE 300

ğŸ’° 14,400+ PROFIT (2 Lots) ğŸ’°

ğŸ‰ 32% ++ ROI JACKPOT ğŸ‰

â¤ï¸ INTRADAY JACKPOT â¤ï¸

ğŸ”¥ğŸ”¥ğŸ”¥ğŸ”¥ğŸ”¥**",2025-09-05 13:50:14
7888.0,2024-09-10,intradaymatchsebiregistered,1159,80,"**Unmute Notification For Fast Alert âœ… 

Dear Subscribers,Â  Request You All to Unmute The Notification So You can Recieved Alert Immediately & Channel PIN ğŸ“Œ Top

If you will keep it muted, we will be not be able to notify you with live market updates.

ğŸ”¥From Tomorrow READY with Big Cash Limit. Many Stock bounce back from lower lavel

Ready For 5-6 intraday Jackpot call (return 200-400% intraday)  

à¤¤à¥‡à¤œà¤¼ à¤…à¤²à¤°à¥à¤Ÿ à¤•à¥‡ à¤²à¤¿à¤ à¤…à¤§à¤¿à¤¸à¥‚à¤šà¤¨à¤¾ à¤…à¤¨à¤®à¥à¤¯à¥‚à¤Ÿ à¤•à¤°à¥‡à¤‚ âœ…

à¤ªà¥à¤°à¤¿à¤¯ à¤¸à¤¬à¥à¤¸à¤•à¥à¤°à¤¾à¤‡à¤¬à¤°, à¤†à¤ª à¤¸à¤­à¥€ à¤¸à¥‡ à¤…à¤¨à¥à¤°à¥‹à¤§ à¤¹à¥ˆ à¤•à¤¿ à¤…à¤§à¤¿à¤¸à¥‚à¤šà¤¨à¤¾ à¤…à¤¨à¤®à¥à¤¯à¥‚à¤Ÿ à¤•à¤°à¥‡à¤‚ à¤¤à¤¾à¤•à¤¿ à¤†à¤ªà¤•à¥‹ à¤¤à¥à¤°à¤‚à¤¤ à¤…à¤²à¤°à¥à¤Ÿ à¤”à¤° à¤šà¥ˆà¤¨à¤² à¤ªà¤¿à¤¨ à¤®à¤¿à¤² à¤¸à¤•à¥‡ ğŸ“Œ à¤¶à¥€à¤°à¥à¤·

 à¤…à¤—à¤° à¤†à¤ª à¤‡à¤¸à¥‡ à¤®à¥à¤¯à¥‚à¤Ÿ à¤°à¤–à¥‡à¤‚à¤—à¥‡, à¤¤à¥‹ à¤¹à¤® à¤†à¤ªà¤•à¥‹ à¤²à¤¾à¤‡à¤µ à¤®à¤¾à¤°à¥à¤•à¥‡à¤Ÿ à¤…à¤ªà¤¡à¥‡à¤Ÿ à¤•à¥‡ à¤¬à¤¾à¤°à¥‡ à¤®à¥‡à¤‚ à¤¸à¥‚à¤šà¤¿à¤¤ à¤¨à¤¹à¥€à¤‚ à¤•à¤° à¤ªà¤¾à¤à¤‚à¤—à¥‡à¥¤ ****ğŸ****

ğŸ”¥à¤•à¤² à¤¸à¥‡ à¤¬à¤¡à¤¼à¥€ à¤•à¥ˆà¤¶ à¤²à¤¿à¤®à¤¿à¤Ÿ à¤•à¥‡ à¤¸à¤¾à¤¥ à¤¤à¥ˆà¤¯à¤¾à¤° à¤°à¤¹à¥‡à¤‚à¥¤ à¤•à¤ˆ à¤¸à¥à¤Ÿà¥‰à¤• à¤¨à¤¿à¤šà¤²à¥‡ à¤¸à¥à¤¤à¤° à¤¸à¥‡ à¤µà¤¾à¤ªà¤¸ à¤‰à¤›à¤²à¤¤à¥‡ à¤¹à¥ˆà¤‚

5-6 à¤‡à¤‚à¤Ÿà¥à¤°à¤¾à¤¡à¥‡ à¤•à¥‡ à¤²à¤¿à¤ à¤¤à¥ˆà¤¯à¤¾à¤° à¤°à¤¹à¥‡à¤‚ ****ğŸ“±**",2025-09-05 13:50:14
7889.0,2024-09-10,intradaymatchsebiregistered,1158,70,"**1st Jackpot call

51500 PE BUY 400 to 589 HIGH

Vip Premium Service ****ğŸš€****ğŸš€****ğŸš€****

189 ++ Point ****ğŸ‰****ğŸ‰****ğŸ‰****âš¡ï¸****âš¡ï¸****âœˆï¸**",2025-09-05 13:50:14
7891.0,2024-09-10,intradaymatchsebiregistered,1152,70,"**2nd Jackpot call

51400 PE BUY 400 to 504 HIGH

Vip Premium Service ****ğŸš€****ğŸš€****ğŸš€****ğŸš€****

104 ++ Points ****ğŸ‰****ğŸ‰****ğŸ‰****âš¡ï¸****âš¡ï¸****âš¡ï¸**",2025-09-05 13:50:14
7845.0,2024-09-09,intradaymatchsebiregistered,1123,70,"**1st Jackpot call

50300 CE BUY 413 to 500-510 HIGH

Vip Premium Service ğŸ†’ğŸ†’ğŸ†’

100++ Point ğŸ’¥ğŸ’¥ğŸ’¥ğŸ’¥**",2025-09-05 13:50:14
7851.0,2024-09-09,intradaymatchsebiregistered,1120,70,"**4th Jackpot call

50300 CE BUY 423 to 540-550 HIGH

Vip Premium Service ğŸ†’ğŸ†’ğŸ†’

120++ Point ğŸ’¥ğŸ’¥ğŸ’¥ğŸ’¥**",2025-09-05 13:50:14
7849.0,2024-09-09,intradaymatchsebiregistered,1121,70,"3rd** Jackpot call

50600 CE BUY 373 to 450-460 HIGH

Vip Premium Service ğŸ†’ğŸ†’ğŸ†’

90++ Point ğŸ’¥ğŸ’¥ğŸ’¥ğŸ’¥**",2025-09-05 13:50:14
7847.0,2024-09-09,intradaymatchsebiregistered,1122,70,"**2nd  Jackpot call

50500 CE BUY 373 to 470-480 HIGH

Vip Premium Service ğŸ†’ğŸ†’ğŸ†’

100++ Point ğŸ’¥ğŸ’¥ğŸ’¥ğŸ’¥**",2025-09-05 13:50:14
5568.0,2024-08-06,sharesnservices,-1,70,"**Right Time Right CallsğŸ¯âœ…ğŸ’¯**
__That's why you need to Join ____@SharesNservices____âœ…__

__We didn't just warn with caution & guided to keep Booking Profits and Restructuring the Portfolio..__
**But also, Initiated Short calls at Perfect levels & Right timeâœ…**

Shorted Nifty at ATH at 25040.. Our Target was Good 400 points at least..
But Today, 
`Market gave us the JackPotğŸ”¥ğŸ”¥` 
**From 25040 & Booked at Opening at 24330.. Big Big 700 points gain in ****#Nifty****ğŸ’¸ğŸ’¸ğŸ˜ğŸ˜**


__Stock Specific Buying calls & Options JackPots are different.. This is just TrailerğŸ”¥ğŸ”¥__

__Clear Levels & Buying Calls at RightTime gives you Support & Conviction to Trade Rightâœ…__

__ **That's How you Get Different Edge with Us..ğŸ’¯**__**
When you know whom to FollowğŸ‘ğŸ’**
--------------------------------
--------------------------------
`Quality Things & Research comes with Premium Cost & Not for Free `ğŸ˜Š
__For Right Advisory & Fantastic Calls..ğŸ’°__
**Join Our Premium Paid Services..âœ…ğŸ‘**
For More Details,
WhatsApp.: 9769896969

Share @sharesNservices With Your Friends & Trading Community for their Best Benefits ğŸ‘",2025-09-05 13:50:14
5653.0,2022-01-26,powerofstocks,1642,80,"This Republic Day get offer on POS merch
BUY 2 T-SHIRT & GET RS. 100 OFF
CODE- FREEDOM100

BUY HOODIE & GET RS. 150 OFF
CODE- FREEDOM150
Visit now https://www.powerofstocksmerch.com/
*Code will be applied at the checkout.",2025-09-05 13:50:14
8.0,2021-03-03,sharekhan_official,-1,90,"*Sharekhan Stock Idea- 3R Recommendation*
*Bharat Electronics Limited*
*Upbeat on prospects ahead*
*Rating: Buy*
(CMP: 151, Price Target: 190)
*Company Description*
BEL is a PSU with strong manufacturing and R&D capabilities and robust cost-control measures. The company manufactures electronics, communication, and defence equipment and stands to benefit from enhanced budgetary outlay for strengthening and modernising Indiaâ€™s security.
*Key Investment Arguments*
â€¢ We retain a Buy rating on Bharat Electronics Limited (BEL) with a revised PT of Rs. 190 modestly increasing our target PE to factor overall rerating in the PSU space and considering BEL execution capabilities. 
â€¢ BEL is well positioned to benefit from rising defence expenditure supported by a strong manufacturing base, execution track record and continued focus on developing in-house R&D capabilities. 
â€¢ Strong YTD order inflow, healthy order pipeline and order book offer sustainable revenue visibility. 
â€¢ With Aatma Nirbhar Bharat and domestic procurement, the entire PSU pack is getting rerated which augurs well for BEL which is trading at the steep discount to the peak 5-year average multiple.",2025-09-05 13:50:14
1943.0,2021-02-24,intradat,1108,70,BOOK PARTIAL PROFIT IN BUY 2/3 LOT OF  BPCL @ 441 STOCK TOUCH HIGH 445 LOTSIZE 1800 STOCK HAS CORRECTED AND NOW HAS BOUNCED BACK https://goo.gl/ieeiRa,2025-09-05 13:50:14
1920.0,2021-02-22,intradat,1100,90,"Todays Free Intraday Trading Tips for day traders in Nse Market

EQUITY INTRADAY CASH CALL : BUY  CONCOR AROUND 567 FOR TG1 573 TG2 576 SL 561
Important Information-  How to trade in our Free Equity share tips - http://www.a1intradaytips.in/free-share-tips-trading.html






To Get This Daily Nse Updates Join our Life Time Free Telegram Channel at https://t.me/intradat",2025-09-05 13:50:14
1924.0,2021-02-22,intradat,1092,90,"ON 22TH FEB 2021 : BOOKED FANSTASTIC PROFIT BUY 2/3 LOT OF TATASTEEL @ 689 MADE HIGH OF 698.10 LOTSIZE 1700. OUR SHORT-SELL 2/3 LOT OF BHARATFORG @ 588 STOCK MADE LOW OF 585 LOTSIZE 1500. OUR OPENING CALL BUY JUBLFOOD WAS ON FIRE.                                                                                                             WE HAVE UPDATED OUR TODAYâ€™S PAST PERFORMANCE REPORT PLEASE CHECK OUR TRUTHNESS AND OUR ACCURACY AT HTTP://WWW.A1INTRADAYTIPS.IN/STOCK-TIPS-PERFORMANCE.ASP TO GET PAID MEMBERSHIP OR ANY QUERIES  PLEASE DO NOT HESITATE TO CONTACT US ( AFTER  3.30 P.M. ) :pray: 7506090788 / 7600797534 https://goo.gl/ieeiRa

HAVE A NICE AND BEAUTIFUL  DAY 
www.a1intradaytips.in",2025-09-05 13:50:14
1923.0,2021-02-22,intradat,1097,70,BOOK PARTIAL PROFIT IN BUY 2/3 LOT OF  TATASTEEL @ 689  STOCK TOUCH HIGH 698.10 LOTSIZE 1700 https://goo.gl/ieeiRa,2025-09-05 13:50:14
1909.0,2021-02-19,intradat,1095,90,"GOOD MORNING TO ALL
WISH YOU HAPPY TRADING
http://www.a1intradaytips.in/
GET FREE INTRADAY CALL AND NIFTY LEVELS BY NOTIFICATIONS, 
DOWNLOAD/UPDATE OUR ANDROID APP FROM PLAY STORE AT https://goo.gl/1hwsZB 


FII / DII Data

THURSDAY, FEBRUARY 18, 2021
FII : NET BUY : 903.07 CR.
DII : NET SELL : -1217.34 CR.
NET : -314.27 CR.
FII & DII their Trading Activity & Its Effects on NSE Market in India
http://www.a1intradaytips.in/fii-dii-trading-nse.asp



Stock Banned in F&O:  
1)  BHEL
2)  CANBK
3)  IDEA
4)  SAIL





Securities in the ban period under the F&O segment include companies in which the security 
has crossed 95 percent of the market-wide position limit.

Know All About the Securities Ban in F&o & Its Effects on Nse Market
http://www.a1intradaytips.in/security-in-ban-period.asp






Daily Nifty Level for Nifty Traders : 
Nifty Support 1 : 14980  Support 2 : 14960 
Nifty  Resistance 1 : 15130 Resistance 2 : 15160 
Today's Nifty Range : 14960- 15160






Todays Free Intraday Trading Tips for day traders in Nse Market

EQUITY INTRADAY CASH CALL : BUY  MARICO AROUND 416 FOR TG1 422 TG2 424 SL 411
Important Information-  How to trade in our Free Equity share tips - http://www.a1intradaytips.in/free-share-tips-trading.html






To Get This Daily Nse Updates Join our Life Time Free Telegram Channel at https://t.me/intradat



OPENING CALL

OPENING CALL: BUY   ASIANPAINT   &   MARUTI ANYTIME DURING THE DAY IF STOCK GO UP
BEFORE TRADING IN OPENING CALL PLEASE READ  http://www.a1intradaytips.in/Pre-Opening-Call.html



Five Bullish / Five Bearish Stock for the Day

Five Bullish Stocks for The Day : INFY, SBIN, NAUKRI, SRTRANSFIN, TECHM

Five Bearish Stocks for The Day :  LUPIN, NESTLEIND, KOTAKBANK, COLPAL, HINDUNILVR",2025-09-05 13:50:14
1906.0,2021-02-18,intradat,1087,90,"ON 18TH FEB 2021 : BOOKED FANSTASTIC PROFIT IN SHORT-SELL 2/3 LOT OF BHARATFORG @ 634.25 MADE LOW OF 627.45 LOTSIZE 1200. OUR BUY 2/3 LOT OF INDUSINDBK @ 1047 MADE HIGH OF 1058.40 LOTSIZE 900. OUR BUY 2/3 LOT OF POWERGRID @ 234.25 STOCK TOUCH HIGH 238.30 LOTSIZE 4000.                                                                                                WE HAVE UPDATED OUR TODAYâ€™S PAST PERFORMANCE REPORT PLEASE CHECK OUR TRUTHNESS AND OUR ACCURACY AT HTTP://WWW.A1INTRADAYTIPS.IN/STOCK-TIPS-PERFORMANCE.ASP TO GET PAID MEMBERSHIP OR ANY QUERIES  PLEASE DO NOT HESITATE TO CONTACT US ( AFTER  3.30 P.M. ) :pray: 7506090788 / 7600797534 https://goo.gl/ieeiRa

HAVE A NICE AND BEAUTIFUL  DAY 
www.a1intradaytips.in",2025-09-05 13:50:14
1905.0,2021-02-18,intradat,1088,70,BOOK PARTIAL PROFIT IN SHORT-SELL 2/3 LOT OF  BHARATFORG @ 634.25  STOCK TOUCH LOW 630.10  LOTSIZE 1500 https://goo.gl/ieeiRa,2025-09-05 13:50:14
1902.0,2021-02-18,intradat,1091,70,BOOK PARTIAL PROFIT IN BUY 2/3 LOT OF  POWERGRID @ 234.25  STOCK TOUCH HIGH 238.30 LOTSIZE 4000 https://goo.gl/ieeiRa,2025-09-05 13:50:14
1887.0,2021-02-17,intradat,1085,90,"Daily Nifty Level for Nifty Traders : 
Nifty Support 1 : 15190  Support 2 : 15170 
Nifty  Resistance 1 : 15340 Resistance 2 : 15370 
Today's Nifty Range : 15170- 15370






Todays Free Intraday Trading Tips for day traders in Nse Market

EQUITY INTRADAY CASH CALL : BUY  GLENMARK AROUND 505 FOR TG1 511 TG2 515 SL 409
Important Information-  How to trade in our Free Equity share tips - http://www.a1intradaytips.in/free-share-tips-trading.html






To Get This Daily Nse Updates Join our Life Time Free Telegram Channel at https://t.me/intradat",2025-09-05 13:50:14
1883.0,2021-02-16,intradat,1078,70,BOOK PARTIAL PROFIT IN BUY 2/3 LOT OF APOLLOHOSP @ 3196  STOCK TOUCH HIGH 3230 LOTSIZE 500 https://goo.gl/ieeiRa,2025-09-05 13:50:14
1877.0,2021-02-16,intradat,1082,90,"GOOD MORNING TO ALL
WISH YOU HAPPY TRADING
http://www.a1intradaytips.in/
GET FREE INTRADAY CALL AND NIFTY LEVELS BY NOTIFICATIONS, 
DOWNLOAD/UPDATE OUR ANDROID APP FROM PLAY STORE AT https://goo.gl/1hwsZB 


FII / DII Data

MONDAY, FEBRUARY 15, 2021
FII : NET BUY : 1234.15 CR.
DII : NET SELL : -1048.55 CR.
NET : 185.6 CR.
FII & DII their Trading Activity & Its Effects on NSE Market in India
http://www.a1intradaytips.in/fii-dii-trading-nse.asp



Stock Banned in F&O:  
1)  BHEL
2)  SAIL



Securities in the ban period under the F&O segment include companies in which the security 
has crossed 95 percent of the market-wide position limit.

Know All About the Securities Ban in F&o & Its Effects on Nse Market
http://www.a1intradaytips.in/security-in-ban-period.asp






Daily Nifty Level for Nifty Traders : 
Nifty Support 1 : 15270  Support 2 : 15250 
Nifty  Resistance 1 : 15420 Resistance 2 : 15450 
Today's Nifty Range : 15250- 15450






Todays Free Intraday Trading Tips for day traders in Nse Market

EQUITY INTRADAY CASH CALL : BUY  TATACONSUM AROUND 624 FOR TG1 630 TG2 634 SL 619
Important Information-  How to trade in our Free Equity share tips - http://www.a1intradaytips.in/free-share-tips-trading.html






To Get This Daily Nse Updates Join our Life Time Free Telegram Channel at https://t.me/intradat



OPENING CALL

OPENING CALL: BUY   KOTAKBANK   &   HDFCBANK ANYTIME DURING THE DAY IF STOCK GO UP
BEFORE TRADING IN OPENING CALL PLEASE READ  http://www.a1intradaytips.in/Pre-Opening-Call.html



Five Bullish / Five Bearish Stock for the Day

Five Bullish Stocks for The Day : JUBLFOOD, TATASTEEL, TECHM, SRTRANSFIN, WIPRO

Five Bearish Stocks for The Day :  IGL, AMARAJABAT, TITAN, AMARAJABAT, BHARATFORG",2025-09-05 13:50:14
1865.0,2021-02-15,intradat,1076,90,"Daily Nifty Level for Nifty Traders : 
Nifty Support 1 : 15170  Support 2 : 15150 
Nifty  Resistance 1 : 15320 Resistance 2 : 15350 
Today's Nifty Range : 15150- 15350






Todays Free Intraday Trading Tips for day traders in Nse Market

EQUITY INTRADAY CASH CALL : BUY  CONCOR AROUND 544 FOR TG1 552 TG2 555 SL 539
Important Information-  How to trade in our Free Equity share tips - http://www.a1intradaytips.in/free-share-tips-trading.html






To Get This Daily Nse Updates Join our Life Time Free Telegram Channel at https://t.me/intradat",2025-09-05 13:50:14
1868.0,2021-02-15,intradat,1182,70,BOOK PARTIAL PROFIT IN BUY 2/3 LOT OF  SRTRANSFIN @ 1502  STOCK TOUCH HIGH 1527 LOTSIZE 800 https://goo.gl/ieeiRa,2025-09-05 13:50:14
1871.0,2021-02-15,intradat,1072,70,BOOK PARTIAL PROFIT IN BUY 2/3 LOT OF  LICHSGFIN @ 457 STOCK TOUCH HIGH 460.90 LOTSIZE 2000 https://goo.gl/ieeiRa,2025-09-05 13:50:14
1873.0,2021-02-15,intradat,1071,80,BOOK FANTASTIC PROFIT IN BUY AXISBANK 770 CE @ 23  STOCK HIT 2ND TARGET @ 34 LOTSIZE  1200 https://goo.gl/ieeiRa,2025-09-05 13:50:14
1858.0,2021-02-12,intradat,1068,90,"Daily Nifty Level for Nifty Traders : 
Nifty Support 1 : 15090  Support 2 : 15070 
Nifty  Resistance 1 : 15240 Resistance 2 : 15270 
Today's Nifty Range : 15070- 15270






Todays Free Intraday Trading Tips for day traders in Nse Market

EQUITY INTRADAY CASH CALL : BUY  MARICO AROUND 414 FOR TG1 422 TG2 426 SL 409
Important Information-  How to trade in our Free Equity share tips - http://www.a1intradaytips.in/free-share-tips-trading.html






To Get This Daily Nse Updates Join our Life Time Free Telegram Channel at https://t.me/intradat



OPENING CALL

OPENING CALL: BUY   INDIGO   &   TCS ANYTIME DURING THE DAY IF STOCK GO UP
BEFORE TRADING IN OPENING CALL PLEASE READ  http://www.a1intradaytips.in/Pre-Opening-Call.html",2025-09-05 13:50:14
1851.0,2021-02-11,intradat,1057,70,HIGH RISK LION HEARTED TRADERS BOOK PARTIAL PROFIT IN BUY 5/10/15/20 LOT OF  MFSL @ 809  STOCK TOUCH HIGH  819 LOTSIZE 1300 https://goo.gl/ieeiRa,2025-09-05 13:50:14
1845.0,2021-02-11,intradat,1063,90,"Daily Nifty Level for Nifty Traders : 
Nifty Support 1 : 15010  Support 2 : 14990 
Nifty  Resistance 1 : 15160 Resistance 2 : 15190 
Today's Nifty Range : 14990- 15190






Todays Free Intraday Trading Tips for day traders in Nse Market

EQUITY INTRADAY CASH CALL : BUY  IBULHSGFIN AROUND 234 FOR TG1 240 TG2 244 SL 229
Important Information-  How to trade in our Free Equity share tips - http://www.a1intradaytips.in/free-share-tips-trading.html






To Get This Daily Nse Updates Join our Life Time Free Telegram Channel at https://t.me/intradat



OPENING CALL

OPENING CALL: BUY   PEL   &   BATAINDIA ANYTIME DURING THE DAY IF STOCK GO UP
BEFORE TRADING IN OPENING CALL PLEASE READ  http://www.a1intradaytips.in/Pre-Opening-Call.html



Five Bullish / Five Bearish Stock for the Day

Five Bullish Stocks for The Day : TITAN, DLF, CHOLAFIN, NAUKRI, MOTHERSUMI

Five Bearish Stocks for The Day :  AUROPHARMA, INDIGO, JUBLFOOD, LT, KOTAKBANK",2025-09-05 13:50:14
1848.0,2021-02-11,intradat,1060,70,BOOK PARTIAL PROFIT IN BUY 2/3 LOT OF  TATACONSUM @ 618  STOCK TOUCH HIGH  624.35  LOTSIZE 1350 https://goo.gl/ieeiRa,2025-09-05 13:50:14
1849.0,2021-02-11,intradat,1059,70,BOOK PARTIAL PROFIT IN BUY 2/3 LOT OF IGL @ 566  STOCK TOUCH HIGH 572 LOTSIZE 1375 https://goo.gl/ieeiRa,2025-09-05 13:50:14
1841.0,2021-02-10,intradat,1050,80,"ON 10TH FEB 2021 :  OUR BUY 2/3 LOT OF MFSL @ 774 STOCK TOUCH HIGH 800.25 LOTSIZE 1300. BOOKED FANTASTIC PROFIT IN OPTION CALL BUY M&MFIN 195 CE @ 8.75 MADE HIGH OF 10.20 LOTSIZE 4000.                                                                                                                                                     WE HAVE UPDATED OUR TODAYâ€™S PAST PERFORMANCE REPORT PLEASE CHECK OUR TRUTHNESS AND OUR ACCURACY AT HTTP://WWW.A1INTRADAYTIPS.IN/STOCK-TIPS-PERFORMANCE.ASP TO GET PAID MEMBERSHIP OR ANY QUERIES  PLEASE DO NOT HESITATE TO CONTACT US ( AFTER  3.30 P.M. ) :pray: 7506090788 / 7600797534 https://goo.gl/ieeiRa

HAVE A NICE AND BEAUTIFUL  DAY 
www.a1intradaytips.in",2025-09-05 13:50:14
1835.0,2021-02-10,intradat,493,90,"Daily Nifty Level for Nifty Traders : 
Nifty Support 1 : 15105  Support 2 : 15085 
Nifty  Resistance 1 : 15255 Resistance 2 : 15285 
Today's Nifty Range : 15085- 15285






Todays Free Intraday Trading Tips for day traders in Nse Market

EQUITY INTRADAY CASH CALL : BUY  IGL AROUND 558 FOR TG1 565 TG2 569 SL 551
Important Information-  How to trade in our Free Equity share tips - http://www.a1intradaytips.in/free-share-tips-trading.html






To Get This Daily Nse Updates Join our Life Time Free Telegram Channel at https://t.me/intradat",2025-09-05 13:50:14
1837.0,2021-02-10,intradat,1054,70,BOOK PARTIAL PROFIT IN BUY 2/3 LOT OF  MFSL @ 774  STOCK TOUCH HIGH 785.25  LOTSIZE 1300 https://goo.gl/ieeiRa,2025-09-05 13:50:14
1824.0,2021-02-09,intradat,1048,90,"Daily Nifty Level for Nifty Traders : 
Nifty Support 1 : 15090  Support 2 : 15070 
Nifty  Resistance 1 : 15240 Resistance 2 : 15270 
Today's Nifty Range : 15070- 15270






Todays Free Intraday Trading Tips for day traders in Nse Market

EQUITY INTRADAY CASH CALL : BUY  EXIDEIND AROUND 215 FOR TG1 222 TG2 226 SL 209
Important Information-  How to trade in our Free Equity share tips - http://www.a1intradaytips.in/free-share-tips-trading.html






To Get This Daily Nse Updates Join our Life Time Free Telegram Channel at https://t.me/intradat



OPENING CALL

OPENING CALL: BUY   INFY   &   LT ANYTIME DURING THE DAY IF STOCK GO UP
BEFORE TRADING IN OPENING CALL PLEASE READ  http://www.a1intradaytips.in/Pre-Opening-Call.html



Five Bullish / Five Bearish Stock for the Day

Five Bullish Stocks for The Day : WIPRO, ADANIPORTS, TCS, JINDALSTEL, JUBLFOOD

Five Bearish Stocks for The Day :  DIVISLAB, SUNPHARMA, HINDUNILVR, BRITANNIA, TATAMOTORS",2025-09-05 13:50:14
1827.0,2021-02-09,intradat,1045,70,BOOK PARTIAL PROFIT IN BUY 2/3 LOT OF  TATACHEM @ 547  STOCK TOUCH HIGH 554.35 LOTSIZE 2000 https://goo.gl/ieeiRa,2025-09-05 13:50:14
1829.0,2021-02-09,intradat,1043,70,"ON 9TH FEB 2021 : BOOKED FANTASTIC PROFIT IN BUY 2/3 LOT OF TATACHEM @ 547 STOCK TOUCH HIGH 589 LOTSIZE 2000.                                                                                                                                                 WE HAVE UPDATED OUR TODAYâ€™S PAST PERFORMANCE REPORT PLEASE CHECK OUR TRUTHNESS AND OUR ACCURACY AT HTTP://WWW.A1INTRADAYTIPS.IN/STOCK-TIPS-PERFORMANCE.ASP TO GET PAID MEMBERSHIP OR ANY QUERIES  PLEASE DO NOT HESITATE TO CONTACT US ( AFTER  3.30 P.M. ) :pray: 7506090788 / 7600797534 https://goo.gl/ieeiRa

HAVE A NICE AND BEAUTIFUL  DAY 
www.a1intradaytips.in",2025-09-05 13:50:14
1818.0,2021-02-08,intradat,1035,90,"ON 8TH FEB 2021 : BOOKED FANTASTIC PROFIT IN BUY 2/3 LOT OF SUNTV @ 558 STOCK TOUCH HIGH 565.50 LOTSIZE 1500. OUR BUY 2/3 LOT OF SUNPHARMA @ 634.50 STOCK TOUCH HIGH 641 LOTSIZE 1400. OUR BUY 2/3 LOT OF HINDALCO @ 276.25 STOCK TOUCH HIGH 281 LOTSIZE 4300. OUR BOTH OPENING CALLS PEL AND ULTRACEMCO WERE ON FIRE. OUR FREE EQUITY CALL BUY TATASTEEL WAS ALSO ON FIRE.                                                                                                                                       WE HAVE UPDATED OUR TODAYâ€™S PAST PERFORMANCE REPORT PLEASE CHECK OUR TRUTHNESS AND OUR ACCURACY AT HTTP://WWW.A1INTRADAYTIPS.IN/STOCK-TIPS-PERFORMANCE.ASP TO GET PAID MEMBERSHIP OR ANY QUERIES  PLEASE DO NOT HESITATE TO CONTACT US ( AFTER  3.30 P.M. ) :pray: 7506090788 / 7600797534 https://goo.gl/ieeiRa

HAVE A NICE AND BEAUTIFUL  DAY 
www.a1intradaytips.in",2025-09-05 13:50:14
1814.0,2021-02-08,intradat,1038,70,BOOK PARTIAL PROFIT IN BUY 2/3 LOT OF SUNPHARMA @ 634.50  STOCK TOUCH HIGH 641 LOTSIZE 1400 https://goo.gl/ieeiRa,2025-09-05 13:50:14
1817.0,2021-02-08,intradat,1036,70,BOOK PARTIAL PROFIT IN BUY 2/3 LOT OF  HINDALCO @ 276.25  STOCK TOUCH HIGH 279.50 LOTSIZE 4300 https://goo.gl/ieeiRa,2025-09-05 13:50:14
1816.0,2021-02-08,intradat,1037,70,BOOK PARTIAL PROFIT IN BUY 2/3 LOT OF  SUNTV @ 558  STOCK TOUCH HIGH 565.50  LOTSIZE 1500 https://goo.gl/ieeiRa,2025-09-05 13:50:14
1810.0,2021-02-08,intradat,1041,90,"Daily Nifty Level for Nifty Traders : 
Nifty Support 1 : 14970  Support 2 : 14950 
Nifty  Resistance 1 : 15120 Resistance 2 : 15150 
Today's Nifty Range : 14950- 15150






Todays Free Intraday Trading Tips for day traders in Nse Market

EQUITY INTRADAY CASH CALL : BUY  TATASTEEL AROUND 688 FOR TG1 695 TG2 698 SL 681
Important Information-  How to trade in our Free Equity share tips - http://www.a1intradaytips.in/free-share-tips-trading.html






To Get This Daily Nse Updates Join our Life Time Free Telegram Channel at https://t.me/intradat



OPENING CALL

OPENING CALL: BUY   PEL   &   ULTRACEMCO ANYTIME DURING THE DAY IF STOCK GO UP
BEFORE TRADING IN OPENING CALL PLEASE READ  http://www.a1intradaytips.in/Pre-Opening-Call.html



Five Bullish / Five Bearish Stock for the Day

Five Bullish Stocks for The Day : KOTAKBANK, DIVISLAB, CUMMINSIND, JINDALSTEL, TORNTPHARM

Five Bearish Stocks for The Day :  COLPAL, AXISBANK, M&MFIN, BAJFINANCE, BHARTIARTL",2025-09-05 13:50:14
1802.0,2021-02-05,intradat,1027,70,"ON 5TH FEB 2021 : BOOKED FANTASTIC PROFIT IN SHORT-SELL 2/3 LOT OF APOLLOTYRE @ 238 STOCK TOUCH LOW 235.50 LOTSIZE 5000.  OUR OPENING CALL BAJFINANCE WAS ON FIRE.                                                                                                                               WE HAVE UPDATED OUR TODAYâ€™S PAST PERFORMANCE REPORT PLEASE CHECK OUR TRUTHNESS AND OUR ACCURACY AT HTTP://WWW.A1INTRADAYTIPS.IN/STOCK-TIPS-PERFORMANCE.ASP TO GET PAID MEMBERSHIP OR ANY QUERIES  PLEASE DO NOT HESITATE TO CONTACT US ( AFTER  3.30 P.M. ) :pray: 7506090788 / 7600797534 https://goo.gl/ieeiRa

HAVE A NICE AND BEAUTIFUL  DAY 
www.a1intradaytips.in",2025-09-05 13:50:14
1800.0,2021-02-05,intradat,1029,70,BOOK PARTIAL PROFIT IN SHORT-SELL 2/3 LOT OF  APOLLOTYRE @ 238  STOCK TOUCH LOW 235.90  LOTSIZE 5000 https://goo.gl/ieeiRa,2025-09-05 13:50:14
1797.0,2021-02-05,intradat,1032,90,"Daily Nifty Level for Nifty Traders : 
Nifty Support 1 : 14900  Support 2 : 14880 
Nifty  Resistance 1 : 15050 Resistance 2 : 15080 
Today's Nifty Range : 14880- 15080






Todays Free Intraday Trading Tips for day traders in Nse Market

EQUITY INTRADAY CASH CALL : BUY  BECTORFOOD AROUND 419 FOR TG1 426 TG2 430 SL 412
Important Information-  How to trade in our Free Equity share tips - http://www.a1intradaytips.in/free-share-tips-trading.html






To Get This Daily Nse Updates Join our Life Time Free Telegram Channel at https://t.me/intradat",2025-09-05 13:50:14
1793.0,2021-02-04,intradat,1021,70,BOOK PARTIAL PROFIT IN SHORT-SELL 2/3 LOT OF  SRTRANSFIN @ 1413  STOCK TOUCH LOW  1401 LOTSIZE 800 https://goo.gl/ieeiRa,2025-09-05 13:50:14
1787.0,2021-02-04,intradat,1026,90,"Daily Nifty Level for Nifty Traders : 
Nifty Support 1 : 14750  Support 2 : 14730 
Nifty  Resistance 1 : 14900 Resistance 2 : 14930 
Today's Nifty Range : 14730- 14930






Todays Free Intraday Trading Tips for day traders in Nse Market

EQUITY INTRADAY CASH CALL : BUY  PRINCEPIPE AROUND 337 FOR TG1 345 TG2 348 SL 331
Important Information-  How to trade in our Free Equity share tips - http://www.a1intradaytips.in/free-share-tips-trading.html






To Get This Daily Nse Updates Join our Life Time Free Telegram Channel at https://t.me/intradat



OPENING CALL

OPENING CALL: BUY   SRTRANSFIN   &   HEROMOTOCO ANYTIME DURING THE DAY IF STOCK GO UP
BEFORE TRADING IN OPENING CALL PLEASE READ  http://www.a1intradaytips.in/Pre-Opening-Call.html



Five Bullish / Five Bearish Stock for the Day

Five Bullish Stocks for The Day : CIPLA, CHOLAFIN, BHARTIARTL, M&M, HCLTECH

Five Bearish Stocks for The Day :  UPL, IGL, INDIGO, HINDUNILVR, MCDOWELL-N",2025-09-05 13:50:14
1792.0,2021-02-04,intradat,1022,70,BOOK PARTIAL PROFIT IN BUY 2/3 LOT OF  DLF @ 305  STOCK TOUCH HIGH 310.55 LOTSIZE 3300 https://goo.gl/ieeiRa,2025-09-05 13:50:14
1772.0,2021-02-03,intradat,1020,90,"GOOD MORNING TO ALL
WISH YOU HAPPY TRADING
http://www.a1intradaytips.in/
GET FREE INTRADAY CALL AND NIFTY LEVELS BY NOTIFICATIONS, 
DOWNLOAD/UPDATE OUR ANDROID APP FROM PLAY STORE AT https://goo.gl/1hwsZB 


FII / DII Data

TUESDAY, FEBRUARY 2, 2021
FII : NET BUY : 6181.56 CR.
DII : NET SELL : -2035.2 CR.
NET : 4146.36 CR.
FII & DII their Trading Activity & Its Effects on NSE Market in India
http://www.a1intradaytips.in/fii-dii-trading-nse.asp



Stock Banned in F&O:  
1)  SAIL

Securities in the ban period under the F&O segment include companies in which the security 
has crossed 95 percent of the market-wide position limit.

Know All About the Securities Ban in F&o & Its Effects on Nse Market
http://www.a1intradaytips.in/security-in-ban-period.asp






Daily Nifty Level for Nifty Traders : 
Nifty Support 1 : 14680  Support 2 : 14660 
Nifty  Resistance 1 : 14830 Resistance 2 : 14860 
Today's Nifty Range : 14660- 14860






Todays Free Intraday Trading Tips for day traders in Nse Market

EQUITY INTRADAY CASH CALL : BUY  TATACHEM AROUND 521 FOR TG1 527 TG2 531 SL 514
Important Information-  How to trade in our Free Equity share tips - http://www.a1intradaytips.in/free-share-tips-trading.html






To Get This Daily Nse Updates Join our Life Time Free Telegram Channel at https://t.me/intradat",2025-09-05 13:50:14
1774.0,2021-02-03,intradat,1018,70,BOOK PARTIAL PROFIT IN BUY 2/3 LOT OF TECHM @ 986  STOCK TOUCH HIGH 991.65 LOTSIZE 1200 https://goo.gl/ieeiRa,2025-09-05 13:50:14
1781.0,2021-02-03,intradat,1012,90,"ON 3RD FEB 2021 : BOOKED FANTASTIC PROFIT IN BUY 2/3 LOT OF TECHM @ 986 STOCK TOUCH HIGH 1002.70 LOTSIZE 1200. OUR BUY 2/3 LOT OF TATAMOTORS @ 339 MADE HIGH OF 343 LOTSIZE 5700. OUR OPENING CALL BUY PEL WAS ON FIRE. 1ST TARGET HIT IN OUR WEBSITE APP FREE EQUITY CALL BUY  TATACHEM. OUR OPTION CALL BUY NIFTY 14900 (24 FEB 2021) CALL @ 296 MADE DAY HIGH OF 312.70 LOTSIZE 75.                                                                                                 WE HAVE UPDATED OUR TODAYâ€™S PAST PERFORMANCE REPORT PLEASE CHECK OUR TRUTHNESS AND OUR ACCURACY AT HTTP://WWW.A1INTRADAYTIPS.IN/STOCK-TIPS-PERFORMANCE.ASP TO GET PAID MEMBERSHIP OR ANY QUERIES  PLEASE DO NOT HESITATE TO CONTACT US ( AFTER  3.30 P.M. ) :pray: 7506090788 / 7600797534 https://goo.gl/ieeiRa

HAVE A NICE AND BEAUTIFUL  DAY 
www.a1intradaytips.in",2025-09-05 13:50:14
1778.0,2021-02-03,intradat,1015,70,BOOK FANTASTIC PROFIT IN BUY 2/3 LOT OF  TECHM @ 986 STOCK TOUCH HIGH  998 LOTSIZE 1200 https://goo.gl/ieeiRa,2025-09-05 13:50:14
1767.0,2021-02-02,intradat,1004,80,"ON 2ND FEB 2021 : BOOKED FANTASTIC PROFIT IN BUY 2/3 LOT OF SBIN @ 331 STOCK TOUCH HIGH 338.50 LOTSIZE 3000. OUR BUY 2/3 LOT OF SIEMENS @ 1760 STOCK TOUCH HIGH 1839.60 LOTSIZE 550. OUR BOTH OPENING CALL BAJAJFINSV AND LT WERE ON FIRE.                                                                                                                                                                 WE HAVE UPDATED OUR TODAYâ€™S PAST PERFORMANCE REPORT PLEASE CHECK OUR TRUTHNESS AND OUR ACCURACY AT HTTP://WWW.A1INTRADAYTIPS.IN/STOCK-TIPS-PERFORMANCE.ASP TO GET PAID MEMBERSHIP OR ANY QUERIES  PLEASE DO NOT HESITATE TO CONTACT US ( AFTER  3.30 P.M. ) :pray: 7506090788 / 7600797534 https://goo.gl/ieeiRa

HAVE A NICE AND BEAUTIFUL  DAY 
www.a1intradaytips.in",2025-09-05 13:50:14
1766.0,2021-02-02,intradat,1005,70,BOOK PARTIAL PROFIT IN BUY 2/3 LOT OF SBIN @ 331  STOCK TOUCH HIGH 336.05 LOTSIZE 3000 https://goo.gl/ieeiRa,2025-09-05 13:50:14
1762.0,2021-02-02,intradat,1008,70,BOOK PARTIAL PROFIT IN BUY 2/3 LOT OF SIEMENS @ 1760  STOCK TOUCH HIGH 1794  LOTSIZE 550  https://goo.gl/ieeiRa,2025-09-05 13:50:14
1752.0,2021-02-02,intradat,1011,90,"Telegram Update
Updated : TUESDAY, FEBRUARY 2, 2021
GOOD MORNING TO ALL
WISH YOU HAPPY TRADING
http://www.a1intradaytips.in/
GET FREE INTRADAY CALL AND NIFTY LEVELS BY NOTIFICATIONS, 
DOWNLOAD/UPDATE OUR ANDROID APP FROM PLAY STORE AT https://goo.gl/1hwsZB 


FII / DII Data

MONDAY, FEBRUARY 1, 2021
FII : NET BUY : 1494.23 CR.
DII : NET SELL : -90.46 CR.
NET : 1403.77 CR.
FII & DII their Trading Activity & Its Effects on NSE Market in India
http://www.a1intradaytips.in/fii-dii-trading-nse.asp



Stock Banned in F&O:  
NIL
NO SECURITY HAS BEEN BANNED 
IN F&O FOR TRADE TODAY
Securities in the ban period under the F&O segment include companies in which the security 
has crossed 95 percent of the market-wide position limit.

Know All About the Securities Ban in F&o & Its Effects on Nse Market
http://www.a1intradaytips.in/security-in-ban-period.asp






Daily Nifty Level for Nifty Traders : 
Nifty Support 1 : 14405  Support 2 : 14385 
Nifty  Resistance 1 : 14555 Resistance 2 : 14585 
Today's Nifty Range : 14385- 14585






Todays Free Intraday Trading Tips for day traders in Nse Market

EQUITY INTRADAY CASH CALL : BUY  DABUR AROUND 525 FOR TG1 530 TG2 533 SL 520
Important Information-  How to trade in our Free Equity share tips - http://www.a1intradaytips.in/free-share-tips-trading.html






To Get This Daily Nse Updates Join our Life Time Free Telegram Channel at https://t.me/intradat



OPENING CALL

OPENING CALL: BUY   BAJAJFINSV   &   LT ANYTIME DURING THE DAY IF STOCK GO UP
BEFORE TRADING IN OPENING CALL PLEASE READ  http://www.a1intradaytips.in/Pre-Opening-Call.html



Five Bullish / Five Bearish Stock for the Day

Five Bullish Stocks for The Day : CHOLAFIN, PVR, GODREJIND, ASHOKLEY, ADANIENT

Five Bearish Stocks for The Day :  LUPIN, TATASTEEL, VEDL, SAIL, BPCL",2025-09-05 13:50:14
1712.0,2021-02-01,intradat,1003,90,"elegram Update
Updated : MONDAY, FEBRUARY 1, 2021
GOOD MORNING TO ALL
WISH YOU HAPPY TRADING
http://www.a1intradaytips.in/
GET FREE INTRADAY CALL AND NIFTY LEVELS BY NOTIFICATIONS, 
DOWNLOAD/UPDATE OUR ANDROID APP FROM PLAY STORE AT https://goo.gl/1hwsZB 


FII / DII Data

FRIDAY, JANUARY 29, 2021
FII : NET SELL : -5930.66 CR.
DII : NET BUY : 2443.2 CR.
NET : -3487.46 CR.
FII & DII their Trading Activity & Its Effects on NSE Market in India
http://www.a1intradaytips.in/fii-dii-trading-nse.asp



Stock Banned in F&O:  
NIL
NO SECURITY HAS BEEN BANNED 
IN F&O FOR TRADE TODAY
Securities in the ban period under the F&O segment include companies in which the security 
has crossed 95 percent of the market-wide position limit.

Know All About the Securities Ban in F&o & Its Effects on Nse Market
http://www.a1intradaytips.in/security-in-ban-period.asp






Daily Nifty Level for Nifty Traders : 
Nifty Support 1 : 13680  Support 2 : 13660 
Nifty  Resistance 1 : 13830 Resistance 2 : 13860 
Today's Nifty Range : 13660- 13860






Todays Free Intraday Trading Tips for day traders in Nse Market

EQUITY INTRADAY CASH CALL : BUY  ICICIBANK AROUND 535 FOR TG1 542 TG2 547 SL 527
Important Information-  How to trade in our Free Equity share tips - http://www.a1intradaytips.in/free-share-tips-trading.html






To Get This Daily Nse Updates Join our Life Time Free Telegram Channel at https://t.me/intradat



OPENING CALL

OPENING CALL: BUY   PVR   &   BATAINDIA ANYTIME DURING THE DAY IF STOCK GO UP
BEFORE TRADING IN OPENING CALL PLEASE READ  http://www.a1intradaytips.in/Pre-Opening-Call.html



Five Bullish / Five Bearish Stock for the Day

Five Bullish Stocks for The Day : SAIL, SUNPHARMA, BHEL, INDUSINDBK, ADANIENT

Five Bearish Stocks for The Day :  DRREDDY, ITC, BAJAJFINSV, LUPIN, INFY",2025-09-05 13:50:14
1732.0,2021-02-01,intradat,992,70,BOOK PARTIAL PROFIT IN BUY 200/300 SHARES OF   TATAELXSI @ 2780  STOCK TOUCH HIGH 2800 https://goo.gl/ieeiRa,2025-09-05 13:50:14
1736.0,2021-02-01,intradat,989,70,BOOK FANTASTIC PROFIT IN BUY 200/300 SHARES OF TATAELXSI @2780  STOCK TOUCH HIGH 2836.90  https://goo.gl/ieeiRa,2025-09-05 13:50:14
1743.0,2021-02-01,intradat,982,90,"ON 1ST FEB  2021 : BOOKED FANTASTIC PROFIT IN BUY 5/10/15/20 LOT OF JUBLFOOD @ 2615 STOCK TOUCH HIGH  2662 LOTSIZE 250. OUR BUY 2/3 LOT OF ADANIENT @ 503 STOCK TOUCH HIGH 542.10 LOTSIZE 2000. OUR BUY 2/3 LOT OF  BANKBARODA @ 68.50 STOCK TOUCH HIGH 74.30 LOTSIZE 11700. BOOKED PARTIAL PROFIT IN BUY 200/300 SHARES OF TATAELXSI @ 2780 STOCK TOUCH HIGH 2836.90. OUR BUY 2/3 LOT OF AMBUJACEM @ 259 STOCK TOUCH HIGH 262.80 LOTSIZE 3000. OUR DAILY FREE CALL BUY ICICIBANK IS ON FIRE DOWNLOAD OUR ANDROID APP TO GET FREE INTRADAY CALL AND NIFTY LEVEL AT https://goo.gl/5AHdce

WE HAVE UPDATED OUR TODAYâ€™S PAST PERFORMANCE REPORT PLEASE CHECK OUR TRUTHNESS AND OUR ACCURACY AT HTTP://WWW.A1INTRADAYTIPS.IN/STOCK-TIPS-PERFORMANCE.ASP TO GET PAID MEMBERSHIP OR ANY QUERIES  PLEASE DO NOT HESITATE TO CONTACT US ( AFTER  3.30 P.M. ) ğŸ™ 7506090788/7600797534  https://goo.gl/ieeiRa

HAVE A NICE AND BEAUTIFUL  DAY 
www.a1intradaytips.in",2025-09-05 13:50:14
1730.0,2021-02-01,intradat,994,90,TARGET HIT: 1ST TARGET HIT IN JACKPOT CALL BUY INDUSINDBK 928 LOTSIZE 900 SAFE TRADER BOOK PROFIT RISKY STAY 4 TG2 935 11:03 https://goo.gl/ieeiRa,2025-09-05 13:50:14
1742.0,2021-02-01,intradat,983,70,BOOK PARTIAL PROFIT IN BUY 2/3 LOT OF  AMBUJACEM @ 259 STOCK TOUCH HIGH 262.45 LOTSIZE 3000 https://goo.gl/ieeiRa,2025-09-05 13:50:14
1740.0,2021-02-01,intradat,985,70,BOOK FANTASTIC PROFIT IN BUY 2/3 LOT OF ADANIENT @ 503 STOCK TOUCH HIGH 527.20 LOTSIZE 2000 https://goo.gl/ieeiRa,2025-09-05 13:50:14
1738.0,2021-02-01,intradat,987,70,HIGH RISK LION HEARTED TRADERS BOOK FANTASTIC PROFIT IN BUY 5/10/15/20 LOT OF JUBLFOOD @ 2615  STOCK TOUCH HIGH 2653.35 LOTSIZE 250  https://goo.gl/ieeiRa,2025-09-05 13:50:14
1737.0,2021-02-01,intradat,988,70,HIGH RISK LION HEARTED TRADERS BOOK PARTIAL PROFIT IN BUY 5/10/15/20 LOT OF JUBLFOOD @ 2615  STOCK TOUCH HIGH  2640 LOTSIZE 250 https://goo.gl/ieeiRa,2025-09-05 13:50:14
1723.0,2021-02-01,intradat,998,70,BOOK PARTIAL PROFIT IN BUY 2/3 LOT OF  BANKBARODA @ 68.50 STOCK TOUCH HIGH 69.35 LOTSIZE 11700 https://goo.gl/ieeiRa,2025-09-05 13:50:14
1721.0,2021-02-01,intradat,1000,70,BOOK PARTIAL PROFIT IN BUY 2/3 LOT OF ADANIENT @ 503 STOCK TOUCH HIGH 510 LOTSIZE 2000 https://goo.gl/ieeiRa,2025-09-05 13:50:14
1701.0,2021-01-29,intradat,971,70,BOOK PARTIAL PROFIT IN BUY 2/3 LOT OF  M&M @ 792  STOCK TOUCH HIGH 803 LOTSIZE 1400 https://goo.gl/ieeiRa,2025-09-05 13:50:14
1704.0,2021-01-29,intradat,968,70,BOOK FANTASTIC PROFIT IN SHORT-SELL 2/3 LOT OF  HAVELLS @ 1147  STOCK TOUCH LOW 1094.55  LOTSIZE 1000 https://goo.gl/ieeiRa,2025-09-05 13:50:14
1695.0,2021-01-29,intradat,493,90,"Daily Nifty Level for Nifty Traders : 
Nifty Support 1 : 13890  Support 2 : 13870 
Nifty  Resistance 1 : 14040 Resistance 2 : 14070 
Today's Nifty Range : 13870- 14070






Todays Free Intraday Trading Tips for day traders in Nse Market

EQUITY INTRADAY CASH CALL : BUY  CUMMINSIND AROUND 638 FOR TG1 645 TG2 648 SL 633
Important Information-  How to trade in our Free Equity share tips - http://www.a1intradaytips.in/free-share-tips-trading.html






To Get This Daily Nse Updates Join our Life Time Free Telegram Channel at https://t.me/intradat



OPENING CALL

OPENING CALL: BUY   PIDILITIND   &   TITAN ANYTIME DURING THE DAY IF STOCK GO UP
BEFORE TRADING IN OPENING CALL PLEASE READ  http://www.a1intradaytips.in/Pre-Opening-Call.html",2025-09-05 13:50:14
1705.0,2021-01-29,intradat,967,90,"ON 29TH JAN 2021: BOOKED FANTASTIC PROFIT IN BUY 2/3 LOT OF M&M @ 792 STOCK TOUCH HIGH 803 LOTSIZE 1400. OUR SHORT-SELL 2/3 LOT OF MCDOWELL-N @ 580 MADE LOW OF 571.10 LOTSIZE 1250. OUR SHORT-SELL 2/3 LOT OF HAVELLS @ 1147 STOCK TOUCH LOW 1035.65 LOTSIZE 1000.                                                                                                                                                                      WE HAVE UPDATED OUR TODAYâ€™S PAST PERFORMANCE REPORT PLEASE CHECK OUR TRUTHNESS AND OUR ACCURACY AT HTTP://WWW.A1INTRADAYTIPS.IN/STOCK-TIPS-PERFORMANCE.ASP TO GET PAID MEMBERSHIP OR ANY QUERIES  PLEASE DO NOT HESITATE TO CONTACT US ( AFTER  3.30 P.M. ) :pray: 7506090788 / 7600797534 https://goo.gl/ieeiRa

HAVE A NICE AND BEAUTIFUL  DAY 
www.a1intradaytips.in",2025-09-05 13:50:14
1698.0,2021-01-29,intradat,973,70,BOOK PARTIAL PROFIT IN SHORT-SELL 2/3 LOT OF  HAVELLS @ 1147  STOCK TOUCH LOW  1134.55  LOTSIZE 1000 https://goo.gl/ieeiRa,2025-09-05 13:50:14
1689.0,2021-01-28,intradat,960,90,"ON 28TH JAN 2021: BOOKED FANTASTIC PROFIT IN SHORT-SELL 2/3 LOT OF TECHM @ 973.50 STOCK TOUCH LOW 966.25 LOTSIZE 1200. OUR SHORT-SELL 2/3 LOT OF ESCORTS @ 1207 MADE LOW OF  1198 LOTSIZE 550. OUR OPENING CALL BUY PVR WAS ON FIRE IN MORNING SESSION.                                                                                                                                     WE HAVE UPDATED OUR TODAYâ€™S PAST PERFORMANCE REPORT PLEASE CHECK OUR TRUTHNESS AND OUR ACCURACY AT HTTP://WWW.A1INTRADAYTIPS.IN/STOCK-TIPS-PERFORMANCE.ASP TO GET PAID MEMBERSHIP OR ANY QUERIES  PLEASE DO NOT HESITATE TO CONTACT US ( AFTER  3.30 P.M. ) :pray: 7506090788 / 7600797534 https://goo.gl/ieeiRa

HAVE A NICE AND BEAUTIFUL  DAY 
www.a1intradaytips.in",2025-09-05 13:50:14
1688.0,2021-01-28,intradat,961,70,BOOK PARTIAL PROFIT IN SHORT-SELL 2/3 LOT OF  TECHM @ 973.50  STOCK TOUCH LOW  966.25 LOTSIZE 1200 https://goo.gl/ieeiRa,2025-09-05 13:50:14
1683.0,2021-01-28,intradat,965,90,"Daily Nifty Level for Nifty Traders : 
Nifty Support 1 : 13810  Support 2 : 13790 
Nifty  Resistance 1 : 13960 Resistance 2 : 13990 
Today's Nifty Range : 13790- 13990






Todays Free Intraday Trading Tips for day traders in Nse Market

EQUITY INTRADAY CASH CALL : SELL  TATASTEEL AROUND 624 FOR TG1 618 TG2 612 SL 632
Important Information-  How to trade in our Free Equity share tips - http://www.a1intradaytips.in/free-share-tips-trading.html






To Get This Daily Nse Updates Join our Life Time Free Telegram Channel at https://t.me/intradat",2025-09-05 13:50:14
1676.0,2021-01-27,intradat,934,90,"Daily Nifty Level for Nifty Traders : 
Nifty Support 1 : 14130  Support 2 : 14110 
Nifty  Resistance 1 : 14280 Resistance 2 : 14310 
Today's Nifty Range : 14110- 14310






Todays Free Intraday Trading Tips for day traders in Nse Market

EQUITY INTRADAY CASH CALL : BUY  SUNPHARMA AROUND 583 FOR TG1 588 TG2 592 SL 578
Important Information-  How to trade in our Free Equity share tips - http://www.a1intradaytips.in/free-share-tips-trading.html






To Get This Daily Nse Updates Join our Life Time Free Telegram Channel at https://t.me/intradat",2025-09-05 13:50:14
1670.0,2021-01-25,intradat,954,90,"ON 25TH JAN 2021: BOOKED FANTASTIC PROFIT IN BUY 2/3 LOT OF SUNPHARMA @ 584 STOCK TOUCH HIGH 595.20 LOTSIZE 1400. OUR SHORT SELL 2/3 LOT OF BANDHANBNK @ 305 MADE LOW OF 301.35 LOTSIZE 1800. 2ND TARGET HIT IN OUR STBT CALL SELL INDUSINBK WAS ALSO GIVEN IN FREE TELEGRAM CHANNEL TODAY.                                                                                                                                                      WE HAVE UPDATED OUR TODAYâ€™S PAST PERFORMANCE REPORT PLEASE CHECK OUR TRUTHNESS AND OUR ACCURACY AT HTTP://WWW.A1INTRADAYTIPS.IN/STOCK-TIPS-PERFORMANCE.ASP TO GET PAID MEMBERSHIP OR ANY QUERIES  PLEASE DO NOT HESITATE TO CONTACT US ( AFTER  3.30 P.M. ) :pray: 7506090788 / 7600797534 https://goo.gl/ieeiRa

HAVE A NICE AND BEAUTIFUL  DAY 
www.a1intradaytips.in",2025-09-05 13:50:14
